일자,종가,대비,등락률,시가,고가,저가,거래량,거래대금,상장시가총액
"2013/12/30","2072.25","34.65","1.70","2042.53","2072.25","2042.53","7073.0","442163.0","1.87672628E8"
"2013/12/27","2037.60","13.73","0.68","2020.21","2042.88","2014.44","5885.0","297886.0","1.84470812E8"
"2013/12/26","2023.87","2.40","0.12","2024.84","2032.80","2020.76","6211.0","342567.0","1.83257041E8"
"2013/12/24","2021.47","4.76","0.24","2019.14","2029.18","2007.20","6333.0","347021.0","1.82940921E8"
"2013/12/23","2016.71","21.22","1.06","2006.72","2021.42","2004.31","6853.0","419468.0","1.82583224E8"
"2013/12/20","1995.49","15.52","0.78","1977.31","2008.17","1975.94","7109.0","478971.0","1.80695161E8"
"2013/12/19","1979.97","-43.56","-2.15","2036.39","2036.39","1965.24","10047.0","765223.0","1.79149011E8"
"2013/12/18","2023.53","8.93","0.44","2022.40","2047.87","2013.13","7889.0","529664.0","1.82977404E8"
"2013/12/17","2014.60","0.39","0.02","2034.21","2034.66","2005.28","8536.0","668973.0","1.82208746E8"
"2013/12/16","2014.21","-14.23","-0.70","2025.43","2028.01","2013.02","7101.0","421379.0","1.82179134E8"
"2013/12/13","2028.44","1.81","0.09","2025.04","2030.33","2004.37","6922.0","449049.0","1.83377195E8"
"2013/12/12","2026.63","-5.09","-0.25","2027.53","2034.42","2019.75","8300.0","514821.0","1.83128493E8"
"2013/12/11","2031.72","-13.83","-0.68","2042.77","2058.27","2021.22","7636.0","418051.0","1.83523855E8"
"2013/12/10","2045.55","-4.18","-0.20","2060.16","2066.89","2042.01","6560.0","406324.0","1.8469631E8"
"2013/12/09","2049.73","13.69","0.67","2057.93","2059.08","2047.57","6792.0","364906.0","1.85064833E8"
"2013/12/06","2036.04","-16.45","-0.80","2048.30","2057.34","2036.04","6885.0","395701.0","1.83923731E8"
"2013/12/05","2052.49","-8.30","-0.40","2071.71","2072.30","2036.03","7577.0","487635.0","1.85283867E8"
"2013/12/04","2060.79","-23.75","-1.14","2072.32","2092.20","2060.79","8606.0","524749.0","1.85910316E8"
"2013/12/03","2084.54","-64.31","-2.99","2143.77","2143.77","2075.77","12395.0","755675.0","1.88195376E8"
"2013/12/02","2148.85","-11.95","-0.55","2168.33","2172.60","2145.31","9421.0","445074.0","1.93988243E8"
"2013/11/29","2160.80","-6.57","-0.30","2167.72","2174.13","2147.82","6769.0","375377.0","1.95092901E8"
"2013/11/28","2167.37","-3.79","-0.17","2178.14","2179.97","2157.75","7816.0","443537.0","1.95694985E8"
"2013/11/27","2171.16","15.20","0.71","2151.12","2171.16","2141.32","7323.0","414069.0","1.95917436E8"
"2013/11/26","2155.96","11.91","0.56","2139.91","2155.96","2123.66","7143.0","406022.0","1.94600894E8"
"2013/11/25","2144.05","-5.02","-0.23","2161.00","2171.15","2143.50","7553.0","345147.0","1.93451752E8"
"2013/11/22","2149.07","0.50","0.02","2152.05","2154.11","2136.25","6655.0","356662.0","1.93807855E8"
"2013/11/21","2148.57","-11.70","-0.54","2153.99","2153.99","2132.82","7045.0","353892.0","1.93827484E8"
"2013/11/20","2160.27","-27.60","-1.26","2184.04","2185.20","2152.64","7561.0","440627.0","1.94932738E8"
"2013/11/19","2187.87","43.99","2.05","2144.39","2198.99","2143.38","10141.0","552518.0","1.97523869E8"
"2013/11/18","2143.88","15.84","0.74","2139.90","2154.28","2135.05","6415.0","331357.0","1.93707605E8"
"2013/11/15","2128.04","35.13","1.68","2113.76","2143.50","2112.49","9286.0","445113.0","1.92190974E8"
"2013/11/14","2092.91","-0.99","-0.05","2106.83","2114.83","2087.76","7671.0","387761.0","1.89047686E8"
"2013/11/13","2093.90","-31.86","-1.50","2123.96","2130.20","2093.90","6964.0","368752.0","1.89156087E8"
"2013/11/12","2125.76","-6.50","-0.30","2129.22","2147.57","2123.08","7607.0","443432.0","1.9176708E8"
"2013/11/11","2132.26","-5.34","-0.25","2147.05","2148.44","2122.54","8463.0","419135.0","1.9236937E8"
"2013/11/08","2137.60","-17.99","-0.83","2138.54","2159.66","2134.90","8990.0","467743.0","1.93118812E8"
"2013/11/07","2155.59","1.47","0.07","2157.03","2172.42","2148.78","8042.0","437410.0","1.94732861E8"
"2013/11/06","2154.12","29.38","1.38","2116.19","2163.42","2113.24","10128.0","561352.0","1.94542876E8"
"2013/11/05","2124.74","-4.94","-0.23","2141.81","2144.24","2119.47","8757.0","488281.0","1.91805915E8"
"2013/11/04","2129.68","-14.98","-0.70","2134.89","2146.52","2121.18","9518.0","525199.0","1.92123416E8"
"2013/11/01","2144.66","2.00","0.09","2148.64","2154.81","2129.18","7656.0","441624.0","1.93705699E8"
"2013/10/31","2142.66","-26.46","-1.22","2158.42","2166.28","2137.92","9320.0","472415.0","1.93908636E8"
"2013/10/30","2169.12","-8.91","-0.41","2171.45","2171.45","2149.91","10404.0","541159.0","1.96211084E8"
"2013/10/29","2178.03","-1.26","-0.06","2167.92","2178.03","2150.57","8944.0","518673.0","1.96812666E8"
"2013/10/28","2179.29","20.84","0.97","2165.01","2190.01","2162.49","8834.0","632071.0","1.96958597E8"
"2013/10/25","2158.45","21.57","1.01","2136.54","2162.03","2125.14","9693.0","599421.0","1.94886051E8"
"2013/10/24","2136.88","-15.97","-0.74","2150.62","2151.35","2123.20","8204.0","498809.0","1.93119237E8"
"2013/10/23","2152.85","-18.22","-0.84","2168.35","2177.52","2148.78","10374.0","639493.0","1.94634118E8"
"2013/10/22","2171.07","15.29","0.71","2154.12","2171.61","2146.18","10271.0","508360.0","1.96407526E8"
"2013/10/21","2155.78","11.19","0.52","2144.21","2160.63","2142.52","7409.0","463409.0","1.95070729E8"
"2013/10/18","2144.59","-14.08","-0.65","2165.76","2165.76","2127.65","10082.0","609068.0","1.93937962E8"
"2013/10/17","2158.67","1.00","0.05","2169.87","2181.22","2151.89","9134.0","512626.0","1.95268416E8"
"2013/10/16","2157.67","1.11","0.05","2151.67","2162.83","2147.15","8117.0","455043.0","1.9519871E8"
"2013/10/15","2156.56","25.85","1.21","2146.65","2172.28","2143.56","10207.0","538571.0","1.95135094E8"
"2013/10/14","2130.71","-17.92","-0.83","2139.85","2144.70","2125.80","6864.0","374042.0","1.92834814E8"
"2013/10/11","2148.63","15.03","0.70","2146.20","2154.98","2139.63","9671.0","520506.0","1.94501608E8"
"2013/10/10","2133.60","28.55","1.36","2116.49","2140.68","2116.37","8445.0","573975.0","1.9303789E8"
"2013/10/08","2105.05","21.70","1.04","2079.37","2105.12","2067.40","7939.0","471120.0","1.90230156E8"
"2013/10/07","2083.35","-12.94","-0.62","2089.14","2098.87","2076.83","7654.0","440107.0","1.88326962E8"
"2013/10/04","2096.29","9.85","0.47","2092.61","2100.27","2083.65","9840.0","537335.0","1.89569385E8"
"2013/10/02","2086.44","-46.10","-2.16","2140.25","2140.25","2085.73","12637.0","732034.0","1.88803675E8"
"2013/10/01","2132.54","21.01","1.00","2122.75","2145.66","2122.41","10600.0","504149.0","1.92873393E8"
"2013/09/30","2111.53","-27.12","-1.27","2124.28","2129.42","2111.53","10189.0","526538.0","1.91082291E8"
"2013/09/27","2138.65","13.71","0.65","2127.25","2150.57","2120.10","12402.0","562720.0","1.93725966E8"
"2013/09/26","2124.94","-7.37","-0.35","2120.72","2129.31","2107.26","10139.0","568868.0","1.92367135E8"
"2013/09/25","2132.31","-16.28","-0.76","2140.73","2146.97","2124.66","28169.0","706140.0","1.92945568E8"
"2013/09/24","2148.59","-2.54","-0.12","2147.67","2154.88","2127.23","8671.0","475650.0","1.94262483E8"
"2013/09/23","2151.13","6.68","0.31","2131.67","2158.15","2123.61","9776.0","610590.0","1.94645007E8"
"2013/09/17","2144.45","5.14","0.24","2142.49","2144.45","2122.53","7558.0","438278.0","1.93869488E8"
"2013/09/16","2139.31","34.06","1.62","2129.43","2143.63","2125.99","8342.0","489543.0","1.93303067E8"
"2013/09/13","2105.25","-3.41","-0.16","2102.76","2116.92","2101.48","8821.0","437049.0","1.90405741E8"
"2013/09/12","2108.66","-12.52","-0.59","2118.56","2128.65","2093.92","13453.0","717202.0","1.90661687E8"
"2013/09/11","2121.18","3.77","0.18","2123.33","2125.33","2104.70","11096.0","572445.0","1.9171482E8"
"2013/09/10","2117.41","17.12","0.82","2103.49","2121.31","2096.98","13156.0","687837.0","1.91399197E8"
"2013/09/09","2100.29","4.42","0.21","2105.00","2109.36","2087.11","12919.0","630714.0","1.89794236E8"
"2013/09/06","2095.87","27.40","1.32","2075.89","2100.51","2075.85","24541.0","738765.0","1.89367133E8"
"2013/09/05","2068.47","16.90","0.82","2062.58","2079.05","2057.08","9563.0","526286.0","1.86891339E8"
"2013/09/04","2051.57","0.95","0.05","2051.04","2062.83","2043.23","8375.0","432407.0","1.85299855E8"
"2013/09/03","2050.62","-2.87","-0.14","2056.34","2058.57","2036.30","9703.0","568081.0","1.85253136E8"
"2013/09/02","2053.49","-8.02","-0.39","2058.58","2065.54","2039.49","8422.0","526604.0","1.85452917E8"
"2013/08/30","2061.51","44.99","2.23","2031.46","2061.51","2024.61","12563.0","725791.0","1.83525773E8"
"2013/08/29","2016.52","15.06","0.75","2006.31","2034.66","2004.48","10342.0","631053.0","1.79774134E8"
"2013/08/28","2001.46","15.03","0.76","1961.69","2004.61","1958.52","9723.0","508481.0","1.7848613E8"
"2013/08/27","1986.43","-0.47","-0.02","1989.14","2005.53","1980.79","8401.0","454310.0","1.77122229E8"
"2013/08/26","1986.90","36.18","1.85","1957.54","1989.18","1957.54","7244.0","404518.0","1.7713803E8"
"2013/08/23","1950.72","17.61","0.91","1940.87","1957.65","1936.09","8821.0","469419.0","1.7378212E8"
"2013/08/22","1933.11","-11.81","-0.61","1921.51","1949.07","1921.51","9677.0","460195.0","1.72303706E8"
"2013/08/21","1944.92","-10.21","-0.52","1958.95","1977.83","1940.92","10909.0","550885.0","1.73415308E8"
"2013/08/20","1955.13","-34.83","-1.75","1972.65","1994.18","1952.92","8236.0","411344.0","1.74359872E8"
"2013/08/19","1989.96","-2.79","-0.14","1979.44","1992.84","1971.41","6797.0","350356.0","1.77467391E8"
"2013/08/16","1992.75","11.04","0.56","1961.04","2002.49","1957.60","8662.0","497649.0","1.77932184E8"
"2013/08/14","1981.71","18.39","0.94","1957.44","1987.49","1951.66","8182.0","443253.0","1.76937655E8"
"2013/08/13","1963.32","27.16","1.40","1949.25","1965.04","1941.59","8191.0","365278.0","1.75193372E8"
"2013/08/12","1936.16","7.63","0.40","1929.07","1951.08","1929.04","7793.0","357231.0","1.72809515E8"
"2013/08/09","1928.53","-18.48","-0.95","1951.19","1953.83","1926.17","8013.0","404999.0","1.71937577E8"
"2013/08/08","1947.01","4.45","0.23","1953.42","1963.34","1947.01","7479.0","377633.0","1.73664981E8"
"2013/08/07","1942.56","-49.87","-2.50","1969.62","1973.92","1942.56","7462.0","463501.0","1.73338259E8"
"2013/08/06","1992.43","7.22","0.36","1994.07","2001.46","1976.61","6779.0","333399.0","1.77772797E8"
"2013/08/05","1985.21","-8.25","-0.41","1996.03","2001.72","1985.21","6337.0","336589.0","1.77202956E8"
"2013/08/02","1993.46","-12.13","-0.60","2024.81","2031.21","1990.99","9841.0","510883.0","1.77802937E8"
"2013/08/01","2005.59","-9.73","-0.48","2018.95","2022.97","1997.71","7933.0","406684.0","1.78733647E8"
"2013/07/31","2015.32","-15.39","-0.76","2035.24","2035.24","2013.53","9475.0","589507.0","1.79628658E8"
"2013/07/30","2030.71","51.94","2.62","1990.04","2033.87","1989.85","10067.0","691223.0","1.80972088E8"
"2013/07/29","1978.77","9.81","0.50","1979.85","1995.18","1969.80","8851.0","550739.0","1.76506511E8"
"2013/07/26","1968.96","15.41","0.79","1961.07","1974.53","1949.86","9305.0","491548.0","1.75689593E8"
"2013/07/25","1953.55","0.06","0.00","1943.67","1962.19","1937.31","8905.0","460062.0","1.74374823E8"
"2013/07/24","1953.49","8.06","0.41","1943.48","1956.64","1935.98","6509.0","366599.0","1.74419194E8"
"2013/07/23","1945.43","2.33","0.12","1947.66","1959.24","1931.65","8055.0","566357.0","1.73686533E8"
"2013/07/22","1943.10","2.29","0.12","1951.66","1959.85","1938.25","8105.0","397566.0","1.73400267E8"
"2013/07/19","1940.81","6.12","0.32","1943.87","1956.80","1935.28","8727.0","430405.0","1.73232908E8"
"2013/07/18","1934.69","1.48","0.08","1929.53","1937.69","1920.03","7291.0","392345.0","1.72585545E8"
"2013/07/17","1933.21","32.55","1.71","1900.20","1946.29","1892.97","8903.0","527969.0","1.71036338E8"
"2013/07/16","1900.66","-8.76","-0.46","1904.65","1909.61","1890.51","8134.0","403584.0","1.68341395E8"
"2013/07/15","1909.42","7.84","0.41","1902.77","1911.18","1885.62","9031.0","457125.0","1.69017007E8"
"2013/07/12","1901.58","-54.12","-2.77","1934.58","1934.58","1891.48","11681.0","782028.0","1.68313627E8"
"2013/07/11","1955.70","41.20","2.15","1934.81","1955.70","1931.60","8877.0","476794.0","1.73145424E8"
"2013/07/10","1914.50","-6.96","-0.36","1927.69","1935.92","1904.96","9182.0","573408.0","1.69635816E8"
"2013/07/09","1921.46","15.50","0.81","1928.70","1930.29","1903.34","6928.0","417323.0","1.70220873E8"
"2013/07/08","1905.96","-10.43","-0.54","1914.96","1931.38","1891.49","6841.0","398253.0","1.68742524E8"
"2013/07/05","1916.39","8.09","0.42","1938.02","1942.74","1911.13","6909.0","386958.0","1.69473963E8"
"2013/07/04","1908.30","10.45","0.55","1906.22","1927.13","1903.74","6335.0","331120.0","1.68586006E8"
"2013/07/03","1897.85","-20.04","-1.04","1922.53","1923.89","1895.41","9255.0","474447.0","1.67579672E8"
"2013/07/02","1917.89","-42.18","-2.15","1964.98","1968.62","1912.34","11856.0","715245.0","1.69255607E8"
"2013/07/01","1960.07","-12.95","-0.66","1949.82","1974.80","1941.26","8799.0","522833.0","1.73056935E8"
"2013/06/28","1973.02","38.51","1.99","1944.80","1973.14","1943.95","13885.0","779416.0","1.74279873E8"
"2013/06/27","1934.51","66.88","3.58","1895.18","1940.16","1895.14","11522.0","697326.0","1.70719074E8"
"2013/06/26","1867.63","15.54","0.84","1874.38","1880.44","1858.34","10938.0","628431.0","1.65018196E8"
"2013/06/25","1852.09","17.46","0.95","1829.71","1881.38","1828.48","13665.0","662776.0","1.63526184E8"
"2013/06/24","1834.63","-22.28","-1.20","1855.93","1855.93","1832.61","8679.0","405803.0","1.62011487E8"
"2013/06/21","1856.91","-39.05","-2.06","1857.08","1873.36","1853.42","12275.0","555497.0","1.63912652E8"
"2013/06/20","1895.96","-25.01","-1.30","1897.03","1928.35","1889.20","10956.0","580085.0","1.67509445E8"
"2013/06/19","1920.97","0.58","0.03","1920.66","1926.36","1910.16","7839.0","425884.0","1.69534327E8"
"2013/06/18","1920.39","43.60","2.32","1888.62","1924.21","1870.86","10075.0","558565.0","1.69459617E8"
"2013/06/17","1876.79","1.58","0.08","1885.62","1892.20","1872.57","7316.0","371057.0","1.65529163E8"
"2013/06/14","1875.21","0.47","0.03","1896.87","1896.87","1868.21","8480.0","459469.0","1.65349295E8"
"2013/06/13","1874.74","-26.94","-1.42","1900.69","1913.62","1874.74","12284.0","606178.0","1.65274939E8"
"2013/06/12","1901.68","-16.20","-0.84","1915.18","1929.63","1899.62","7515.0","385916.0","1.6765406E8"
"2013/06/11","1917.88","-5.82","-0.30","1935.90","1936.47","1910.10","10093.0","474758.0","1.69121691E8"
"2013/06/10","1923.70","-13.66","-0.71","1943.46","1944.47","1915.92","8904.0","376744.0","1.69432667E8"
"2013/06/07","1937.36","-20.62","-1.05","1955.54","1958.52","1927.50","10570.0","556381.0","1.70614815E8"
"2013/06/05","1957.98","-36.70","-1.84","1993.86","1993.86","1955.76","10568.0","710331.0","1.72206897E8"
"2013/06/04","1994.68","9.54","0.48","2003.76","2005.23","1986.39","12671.0","576283.0","1.75372671E8"
"2013/06/03","1985.14","-3.23","-0.16","1982.84","1991.66","1973.26","9418.0","440743.0","1.74376569E8"
"2013/05/31","1988.37","-0.36","-0.02","2004.42","2010.76","1984.30","18067.0","809924.0","1.74589515E8"
"2013/05/30","1988.73","9.44","0.48","1987.20","2007.08","1985.20","14476.0","641998.0","1.74530641E8"
"2013/05/29","1979.29","15.98","0.81","1971.27","1992.52","1968.74","13968.0","667203.0","1.73803877E8"
"2013/05/28","1963.31","4.92","0.25","1967.88","1970.10","1941.35","12871.0","596614.0","1.72553961E8"
"2013/05/27","1958.39","17.16","0.88","1946.86","1965.34","1941.86","11886.0","495125.0","1.72038471E8"
"2013/05/24","1941.23","13.99","0.73","1946.55","1958.31","1929.45","10925.0","551758.0","1.70510164E8"
"2013/05/23","1927.24","-13.83","-0.71","1937.92","1949.69","1927.24","14815.0","710303.0","1.69243565E8"
"2013/05/22","1941.07","28.97","1.52","1926.19","1950.34","1924.99","15945.0","753209.0","1.7033379E8"
"2013/05/21","1912.10","0.87","0.05","1926.17","1926.78","1904.74","10470.0","504760.0","1.68062514E8"
"2013/05/20","1911.23","13.47","0.71","1903.34","1919.13","1900.62","14030.0","530535.0","1.67986191E8"
"2013/05/16","1897.76","24.55","1.31","1886.49","1900.46","1884.64","11150.0","550669.0","1.66713828E8"
"2013/05/15","1873.21","-1.30","-0.07","1878.61","1878.86","1861.52","8985.0","403190.0","1.64716999E8"
"2013/05/14","1874.51","35.07","1.91","1849.78","1885.90","1848.87","12637.0","563797.0","1.64976615E8"
"2013/05/13","1839.44","7.73","0.42","1820.91","1843.56","1818.04","6539.0","345931.0","1.6184217E8"
"2013/05/10","1831.71","-47.06","-2.50","1859.59","1859.64","1826.67","10543.0","591863.0","1.61151795E8"
"2013/05/09","1878.77","11.79","0.63","1874.95","1885.15","1856.30","10647.0","605725.0","1.65577244E8"
"2013/05/08","1866.98","-1.64","-0.09","1875.30","1884.91","1860.70","9668.0","420914.0","1.64684341E8"
"2013/05/07","1868.62","-19.25","-1.02","1888.04","1888.29","1857.16","8055.0","468852.0","1.64975713E8"
"2013/05/06","1887.87","-8.41","-0.44","1914.89","1919.00","1882.77","8877.0","462132.0","1.66579623E8"
"2013/05/03","1896.28","30.61","1.64","1883.67","1903.03","1870.76","11080.0","665444.0","1.6724884E8"
"2013/05/02","1865.67","-6.58","-0.35","1870.70","1879.66","1863.88","8599.0","503401.0","1.64772946E8"
"2013/04/30","1872.25","17.33","0.93","1862.27","1873.74","1855.19","9582.0","561489.0","1.65520909E8"
"2013/04/29","1854.92","6.30","0.34","1863.56","1866.65","1851.76","10201.0","705852.0","1.64191378E8"
"2013/04/26","1848.62","-27.30","-1.46","1868.93","1870.06","1843.24","12597.0","746351.0","1.63383074E8"
"2013/04/25","1875.92","60.08","3.31","1821.84","1879.65","1811.00","13123.0","780515.0","1.65351921E8"
"2013/04/24","1815.84","6.92","0.38","1818.86","1823.04","1802.20","10747.0","643888.0","1.60178443E8"
"2013/04/23","1808.92","-7.60","-0.42","1817.94","1821.76","1793.16","8883.0","503822.0","1.59290306E8"
"2013/04/22","1816.52","6.76","0.37","1795.49","1818.06","1794.24","9715.0","593294.0","1.59899589E8"
"2013/04/19","1809.76","-16.59","-0.91","1826.31","1831.41","1778.34","11661.0","833276.0","1.594995E8"
"2013/04/18","1826.35","-24.53","-1.33","1850.31","1853.65","1825.81","9922.0","517491.0","1.60849285E8"
"2013/04/17","1850.88","5.55","0.30","1857.75","1864.31","1839.63","14009.0","690472.0","1.63091974E8"
"2013/04/16","1845.33","-9.24","-0.50","1833.24","1859.19","1833.10","14383.0","781666.0","1.62531863E8"
"2013/04/15","1854.57","-21.26","-1.13","1854.18","1860.96","1842.06","8446.0","489512.0","1.63381034E8"
"2013/04/12","1875.83","-40.16","-2.10","1922.80","1922.80","1872.98","10670.0","668212.0","1.6521515E8"
"2013/04/11","1915.99","0.96","0.05","1922.23","1922.23","1873.89","12258.0","775710.0","1.68255946E8"
"2013/04/10","1915.03","15.03","0.79","1907.55","1920.77","1901.07","9339.0","532339.0","1.68068447E8"
"2013/04/09","1900.00","5.77","0.30","1898.02","1925.40","1880.16","9912.0","534769.0","1.66692431E8"
"2013/04/08","1894.23","-0.64","-0.03","1899.11","1907.96","1880.31","10312.0","560155.0","1.66011511E8"
"2013/04/05","1894.87","-68.95","-3.51","1930.17","1932.86","1880.72","14998.0","988788.0","1.6635005E8"
"2013/04/04","1963.82","-51.82","-2.57","1965.17","1978.86","1938.47","14343.0","905846.0","1.72153673E8"
"2013/04/03","2015.64","6.49","0.32","2020.46","2021.30","2002.93","10615.0","553899.0","1.76865692E8"
"2013/04/02","2009.15","-6.70","-0.33","2015.35","2020.01","1998.96","12331.0","548921.0","1.76263506E8"
"2013/04/01","2015.85","-15.19","-0.75","2034.76","2034.78","2009.30","8043.0","329167.0","1.76958497E8"
"2013/03/29","2031.04","1.41","0.07","2043.15","2046.78","2027.81","12573.0","501486.0","1.78156993E8"
"2013/03/28","2029.63","-4.59","-0.23","2029.15","2038.66","2019.71","10889.0","549214.0","1.77746109E8"
"2013/03/27","2034.22","24.50","1.22","2020.20","2037.45","2009.51","11343.0","603641.0","1.78186401E8"
"2013/03/26","2009.72","18.51","0.93","1994.41","2019.12","1992.64","10245.0","597329.0","1.76047251E8"
"2013/03/25","1991.21","21.22","1.08","1988.41","2002.70","1986.69","7245.0","386044.0","1.74403644E8"
"2013/03/22","1969.99","-7.04","-0.36","1970.36","1979.23","1962.35","7270.0","356870.0","1.72565513E8"
"2013/03/21","1977.03","-10.60","-0.53","2001.23","2003.28","1975.52","12386.0","437711.0","1.73163887E8"
"2013/03/20","1987.63","-10.53","-0.53","1989.24","2009.62","1980.78","9693.0","477688.0","1.74103244E8"
"2013/03/19","1998.16","5.04","0.25","1997.13","2005.70","1985.22","10677.0","555984.0","1.74990126E8"
"2013/03/18","1993.12","-7.01","-0.35","1999.95","2012.93","1992.57","11103.0","462784.0","1.74679479E8"
"2013/03/15","2000.13","31.78","1.61","1977.55","2015.57","1975.78","18190.0","799191.0","1.75383819E8"
"2013/03/14","1968.35","8.50","0.43","1957.21","1969.68","1945.55","10611.0","485758.0","1.72587523E8"
"2013/03/13","1959.85","-0.64","-0.03","1956.89","1965.41","1953.93","8535.0","393669.0","1.71598806E8"
"2013/03/12","1960.49","-0.28","-0.01","1968.67","1971.13","1953.24","7862.0","350547.0","1.71634602E8"
"2013/03/11","1960.77","-17.31","-0.88","1963.74","1966.61","1942.75","9108.0","505344.0","1.71452113E8"
"2013/03/08","1978.08","-7.24","-0.36","1980.65","1992.08","1966.82","8672.0","436480.0","1.72991259E8"
"2013/03/07","1985.32","-2.08","-0.10","1988.95","1988.95","1972.80","7337.0","379555.0","1.73469494E8"
"2013/03/06","1987.40","-25.71","-1.28","2014.87","2015.78","1977.11","9592.0","542311.0","1.73739E8"
"2013/03/05","2013.11","-7.15","-0.35","2025.29","2039.55","2013.11","8927.0","491164.0","1.75970773E8"
"2013/03/04","2020.26","3.51","0.17","2021.11","2033.48","2015.65","9610.0","587233.0","1.76544692E8"
"2013/02/28","2016.75","32.99","1.66","1998.30","2017.14","1992.14","9074.0","483272.0","1.76273699E8"
"2013/02/27","1983.76","14.29","0.73","1982.47","1992.25","1974.06","8795.0","451951.0","1.73396242E8"
"2013/02/26","1969.47","-8.22","-0.42","1964.56","1975.52","1960.32","8477.0","424623.0","1.72259241E8"
"2013/02/25","1977.69","-29.79","-1.48","1997.66","1999.15","1974.40","7252.0","395816.0","1.72968941E8"
"2013/02/22","2007.48","21.45","1.08","1986.90","2013.25","1981.00","11680.0","546924.0","1.7549776E8"
"2013/02/21","1986.03","-2.39","-0.12","1979.37","1996.37","1976.60","12457.0","517792.0","1.73597627E8"
"2013/02/20","1988.42","39.68","2.04","1965.04","1988.42","1962.68","11189.0","568627.0","1.73854273E8"
"2013/02/19","1948.74","13.69","0.71","1941.48","1955.35","1940.65","7548.0","317939.0","1.70362796E8"
"2013/02/18","1935.05","-19.88","-1.02","1947.43","1956.79","1925.39","7640.0","377883.0","1.69279737E8"
"2013/02/15","1954.93","-8.54","-0.43","1966.30","1966.85","1947.18","9043.0","384447.0","1.71151289E8"
"2013/02/14","1963.47","3.35","0.17","1960.92","1975.91","1955.93","8528.0","443061.0","1.71992864E8"
"2013/02/13","1960.12","32.07","1.66","1938.11","1961.32","1928.52","9677.0","530427.0","1.71793666E8"
"2013/02/12","1928.05","-7.09","-0.37","1944.71","1945.46","1918.60","8176.0","388476.0","1.68895389E8"
"2013/02/08","1935.14","48.85","2.59","1889.88","1938.31","1887.55","12107.0","736422.0","1.69428996E8"
"2013/02/07","1886.29","2.98","0.16","1886.01","1902.24","1883.84","8177.0","438915.0","1.65097764E8"
"2013/02/06","1883.31","-13.46","-0.71","1902.29","1905.41","1882.95","9454.0","457170.0","1.65055531E8"
"2013/02/05","1896.77","-2.37","-0.12","1889.56","1908.87","1883.57","11286.0","476951.0","1.66207557E8"
"2013/02/04","1899.14","-9.71","-0.51","1917.70","1917.70","1897.16","9907.0","571198.0","1.66206822E8"
"2013/02/01","1908.85","14.55","0.77","1903.17","1922.87","1887.77","9984.0","644983.0","1.66905219E8"
"2013/01/31","1894.30","27.76","1.49","1865.10","1899.68","1865.10","13446.0","712576.0","1.65738135E8"
"2013/01/30","1866.54","-13.51","-0.72","1877.00","1880.35","1849.85","10427.0","592757.0","1.63422159E8"
"2013/01/29","1880.05","58.42","3.21","1838.86","1884.95","1829.56","13958.0","900238.0","1.64710733E8"
"2013/01/28","1821.63","-10.32","-0.56","1830.53","1831.43","1801.33","11510.0","773642.0","1.59911902E8"
"2013/01/25","1831.95","-36.55","-1.96","1838.51","1840.07","1817.51","14891.0","984815.0","1.60789446E8"
"2013/01/24","1868.50","-43.12","-2.26","1903.44","1910.59","1865.69","11016.0","630961.0","1.63953723E8"
"2013/01/23","1911.62","-0.50","-0.03","1927.25","1932.98","1910.36","10610.0","682946.0","1.67685579E8"
"2013/01/22","1912.12","21.38","1.13","1892.82","1916.52","1887.24","9504.0","644870.0","1.67801401E8"
"2013/01/21","1890.74","-7.25","-0.38","1898.60","1900.39","1875.03","8259.0","465526.0","1.65181204E8"
"2013/01/18","1897.99","1.30","0.07","1908.90","1910.35","1888.14","7976.0","421853.0","1.65814064E8"
"2013/01/17","1896.69","15.36","0.82","1897.72","1905.53","1892.72","10463.0","498673.0","1.65637876E8"
"2013/01/16","1881.33","7.91","0.42","1880.85","1896.43","1868.80","13038.0","548405.0","1.64414394E8"
"2013/01/15","1873.42","-1.81","-0.10","1881.04","1904.95","1873.42","10472.0","528094.0","1.6383281E8"
"2013/01/14","1875.23","0.51","0.03","1870.29","1877.84","1859.04","11118.0","521243.0","1.63959566E8"
"2013/01/11","1874.72","-29.75","-1.56","1910.72","1914.62","1874.72","16540.0","668051.0","1.63838601E8"
"2013/01/10","1904.47","5.68","0.30","1900.97","1907.99","1890.73","9747.0","462148.0","1.66229597E8"
"2013/01/09","1898.79","-7.48","-0.39","1918.11","1928.91","1896.05","8735.0","535430.0","1.65466574E8"
"2013/01/08","1906.27","0.29","0.02","1900.62","1914.78","1900.62","9148.0","525968.0","1.66327015E8"
"2013/01/07","1905.98","9.40","0.50","1901.46","1908.30","1892.19","8657.0","589402.0","1.66440753E8"
"2013/01/04","1896.58","-15.42","-0.81","1905.08","1908.91","1886.18","13195.0","889924.0","1.65602207E8"
"2013/01/03","1912.00","-50.97","-2.60","1966.92","1966.92","1899.81","18317.0","1155182.0","1.66699043E8"
"2013/01/02","1962.97","-2.63","-0.13","1981.08","1983.33","1959.00","8638.0","530705.0","1.70528082E8"
"2012/12/28","1965.60","-20.73","-1.04","1977.84","1983.87","1957.62","7845.0","507824.0","1.70751803E8"
"2012/12/27","1986.33","-8.20","-0.41","1991.02","1991.02","1967.71","7478.0","441363.0","1.72555958E8"
"2012/12/26","1994.53","8.38","0.42","2001.98","2010.27","1993.15","7711.0","421870.0","1.73287635E8"
"2012/12/24","1986.15","-2.34","-0.12","1989.91","1992.02","1980.06","6077.0","349756.0","1.72425064E8"
"2012/12/21","1988.49","-2.54","-0.13","1996.72","2001.33","1977.07","8946.0","497036.0","1.72616372E8"
"2012/12/20","1991.03","3.69","0.19","2007.44","2011.73","1983.30","10970.0","758216.0","1.72793783E8"
"2012/12/18","1987.34","1.68","0.08","1982.69","1987.60","1961.59","10458.0","691972.0","1.72593264E8"
"2012/12/17","1985.66","-40.06","-1.98","2026.13","2035.66","1972.58","11313.0","645045.0","1.72406857E8"
"2012/12/14","2025.72","-4.79","-0.24","2015.77","2033.67","2011.98","8807.0","472006.0","1.75746588E8"
"2012/12/13","2030.51","27.21","1.36","2011.63","2030.51","2007.08","13228.0","783267.0","1.76274471E8"
"2012/12/12","2003.30","-3.79","-0.19","2007.79","2013.87","1987.51","9351.0","472651.0","1.73947996E8"
"2012/12/11","2007.09","13.46","0.68","2001.12","2010.57","1988.21","9935.0","467445.0","1.74176518E8"
"2012/12/10","1993.63","11.45","0.58","2002.55","2019.99","1989.53","8634.0","464441.0","1.73122042E8"
"2012/12/07","1982.18","-22.77","-1.14","2002.81","2008.40","1975.36","9717.0","468982.0","1.72226656E8"
"2012/12/06","2004.95","10.18","0.51","2000.93","2017.18","1996.48","10947.0","493653.0","1.74183492E8"
"2012/12/05","1994.77","12.84","0.65","1978.92","2007.09","1973.62","11029.0","466088.0","1.73287694E8"
"2012/12/04","1981.93","-8.10","-0.41","1986.96","1994.55","1972.90","7800.0","392303.0","1.72378534E8"
"2012/12/03","1990.03","3.83","0.19","1993.96","2010.08","1985.59","9353.0","520460.0","1.73032678E8"
"2012/11/30","1986.20","-20.29","-1.01","1998.37","2017.67","1986.20","17764.0","821113.0","1.72663051E8"
"2012/11/29","2006.49","48.76","2.49","1983.56","2012.63","1979.55","14293.0","751932.0","1.74328007E8"
"2012/11/28","1957.73","-12.21","-0.62","1967.29","1977.73","1947.20","9150.0","551359.0","1.70180866E8"
"2012/11/27","1969.94","45.01","2.34","1941.54","1978.44","1932.06","11942.0","718852.0","1.71113633E8"
"2012/11/26","1924.93","21.41","1.12","1914.57","1933.33","1906.76","9175.0","409592.0","1.67619726E8"
"2012/11/23","1903.52","30.38","1.62","1876.32","1909.58","1875.19","8675.0","456365.0","1.65838752E8"
"2012/11/22","1873.14","11.37","0.61","1866.58","1881.34","1858.92","8838.0","502681.0","1.63172732E8"
"2012/11/21","1861.77","-5.76","-0.31","1874.54","1877.82","1855.64","9332.0","444520.0","1.62306375E8"
"2012/11/20","1867.53","-6.01","-0.32","1889.42","1894.70","1861.56","9290.0","539228.0","1.62644294E8"
"2012/11/19","1873.54","-3.89","-0.21","1884.15","1896.56","1860.80","9648.0","442215.0","1.62897358E8"
"2012/11/16","1877.43","19.06","1.03","1851.68","1886.09","1848.76","11695.0","579110.0","1.6327419E8"
"2012/11/15","1858.37","-25.44","-1.35","1859.74","1870.87","1849.20","10788.0","428863.0","1.61654294E8"
"2012/11/14","1883.81","19.84","1.06","1861.82","1883.92","1852.97","10621.0","497250.0","1.6387984E8"
"2012/11/13","1863.97","-17.42","-0.93","1882.82","1892.47","1857.69","10255.0","473343.0","1.6218614E8"
"2012/11/12","1881.39","11.92","0.64","1862.85","1889.71","1855.32","8894.0","477297.0","1.63660828E8"
"2012/11/09","1869.47","-16.33","-0.87","1852.14","1871.87","1814.83","12624.0","730563.0","1.62650814E8"
"2012/11/08","1885.80","-15.88","-0.84","1872.80","1901.69","1872.80","11705.0","688450.0","1.6393718E8"
"2012/11/07","1901.68","25.41","1.35","1892.43","1906.81","1875.39","11670.0","627688.0","1.65178652E8"
"2012/11/06","1876.27","46.24","2.53","1833.39","1879.18","1833.39","12654.0","806315.0","1.62899547E8"
"2012/11/05","1830.03","-74.96","-3.93","1844.97","1856.57","1820.58","17324.0","1275634.0","1.58884711E8"
"2012/11/02","1904.99","8.02","0.42","1919.25","1921.45","1900.02","12629.0","766439.0","1.65469723E8"
"2012/11/01","1896.97","-43.40","-2.24","1920.73","1931.57","1873.28","16444.0","1157531.0","1.64836872E8"
"2012/10/31","1940.37","3.68","0.19","1951.91","1959.95","1938.72","10437.0","525487.0","1.68558091E8"
"2012/10/30","1936.69","29.22","1.53","1912.62","1956.46","1911.53","11385.0","504027.0","1.6807846E8"
"2012/10/29","1907.47","-40.73","-2.09","1956.91","1961.46","1900.33","11588.0","666281.0","1.65673548E8"
"2012/10/26","1948.20","-44.20","-2.22","1992.39","1996.40","1937.24","13263.0","767447.0","1.69115807E8"
"2012/10/25","1992.40","47.22","2.43","1930.69","1994.47","1919.70","10508.0","740599.0","1.72668415E8"
"2012/10/24","1945.18","-47.54","-2.39","1972.36","1978.47","1930.36","13482.0","817434.0","1.68715684E8"
"2012/10/23","1992.72","-25.83","-1.28","2020.52","2023.41","1992.72","9005.0","424926.0","1.72680018E8"
"2012/10/22","2018.55","-14.64","-0.72","1997.55","2025.13","1995.63","8022.0","402914.0","1.74743555E8"
"2012/10/19","2033.19","-26.03","-1.26","2056.69","2063.02","2025.66","8746.0","495990.0","1.75816647E8"
"2012/10/18","2059.22","22.33","1.10","2047.01","2063.19","2040.62","8820.0","463135.0","1.77920036E8"
"2012/10/17","2036.89","3.75","0.18","2047.40","2051.48","2025.89","8881.0","502653.0","1.7631829E8"
"2012/10/16","2033.14","11.95","0.59","2039.12","2055.47","2029.47","10038.0","525365.0","1.75929249E8"
"2012/10/15","2021.19","-23.94","-1.17","2035.51","2040.51","2009.62","12395.0","686987.0","1.75160262E8"
"2012/10/12","2045.13","-11.24","-0.55","2060.07","2073.83","2036.79","10175.0","565923.0","1.7687606E8"
"2012/10/11","2056.37","-24.98","-1.20","2070.35","2088.06","2044.69","10755.0","586385.0","1.7785231E8"
"2012/10/10","2081.35","-9.93","-0.47","2083.40","2088.44","2074.14","9183.0","455951.0","1.79895052E8"
"2012/10/09","2091.28","-4.12","-0.20","2094.25","2109.50","2085.33","10301.0","465384.0","1.80533615E8"
"2012/10/08","2095.40","-18.98","-0.90","2119.30","2120.18","2091.04","11596.0","569953.0","1.80825872E8"
"2012/10/05","2114.38","-1.99","-0.09","2127.01","2129.75","2112.58","12612.0","630993.0","1.82499428E8"
"2012/10/04","2116.37","-6.79","-0.32","2124.70","2134.07","2108.07","18332.0","782695.0","1.82624752E8"
"2012/10/02","2123.16","-11.16","-0.52","2128.30","2134.43","2118.57","11253.0","605270.0","1.89168916E8"
"2012/09/28","2134.32","1.07","0.05","2137.35","2138.34","2122.13","11565.0","722352.0","1.90300177E8"
"2012/09/27","2133.25","-11.54","-0.54","2127.55","2143.83","2121.16","12475.0","786126.0","1.90060568E8"
"2012/09/26","2144.79","-3.19","-0.15","2132.06","2155.27","2126.36","11672.0","676009.0","1.90900138E8"
"2012/09/25","2147.98","-6.49","-0.30","2147.25","2154.53","2137.52","9050.0","479512.0","1.90884041E8"
"2012/09/24","2154.47","8.57","0.40","2137.67","2163.12","2117.49","8431.0","498621.0","1.91607434E8"
"2012/09/21","2145.90","6.78","0.32","2139.20","2154.85","2133.40","9028.0","472996.0","1.90674878E8"
"2012/09/20","2139.12","-11.06","-0.51","2149.08","2149.97","2126.95","12760.0","687937.0","1.90061774E8"
"2012/09/19","2150.18","-23.55","-1.08","2165.99","2171.98","2142.12","11094.0","698620.0","1.90957673E8"
"2012/09/18","2173.73","-2.78","-0.13","2178.59","2179.55","2160.98","7858.0","463544.0","1.92999982E8"
"2012/09/17","2176.51","2.71","0.12","2176.88","2185.22","2159.50","10641.0","649925.0","1.93319883E8"
"2012/09/14","2173.80","72.63","3.46","2147.75","2173.82","2141.71","15706.0","1014739.0","1.92944989E8"
"2012/09/13","2101.17","2.85","0.14","2095.22","2109.28","2079.42","8786.0","489682.0","1.8649087E8"
"2012/09/12","2098.32","18.86","0.91","2090.69","2108.67","2089.40","9113.0","532480.0","1.8618238E8"
"2012/09/11","2079.46","-10.92","-0.52","2094.01","2096.49","2076.03","6021.0","365287.0","1.84548778E8"
"2012/09/10","2090.38","1.55","0.07","2090.03","2094.00","2082.51","6910.0","408286.0","1.85485537E8"
"2012/09/07","2088.83","46.78","2.29","2079.59","2091.57","2075.63","9546.0","602651.0","1.85350027E8"
"2012/09/06","2042.05","4.16","0.20","2048.35","2052.69","2033.05","7247.0","465967.0","1.81224641E8"
"2012/09/05","2037.89","-55.66","-2.66","2078.05","2078.05","2036.35","9938.0","684175.0","1.80910096E8"
"2012/09/04","2093.55","-31.90","-1.50","2120.57","2122.53","2091.30","7803.0","550551.0","1.85845906E8"
"2012/09/03","2125.45","21.24","1.01","2113.18","2133.69","2094.08","8040.0","431163.0","1.88719434E8"
"2012/08/31","2104.21","-23.01","-1.08","2118.40","2132.59","2104.21","9422.0","566290.0","1.86999367E8"
"2012/08/30","2127.22","-18.22","-0.85","2138.75","2138.75","2115.29","10109.0","619211.0","1.89084569E8"
"2012/08/29","2145.44","4.56","0.21","2138.41","2150.86","2131.23","12248.0","629496.0","1.9059391E8"
"2012/08/28","2140.88","-8.84","-0.41","2149.56","2152.18","2124.21","8429.0","470417.0","1.90170858E8"
"2012/08/27","2149.72","37.50","1.78","2123.04","2161.22","2123.04","9675.0","661910.0","1.91163947E8"
"2012/08/24","2112.22","-29.02","-1.36","2116.84","2126.26","2104.99","9128.0","571794.0","1.87854464E8"
"2012/08/23","2141.24","-6.08","-0.28","2145.80","2148.47","2127.15","8171.0","521529.0","1.90232816E8"
"2012/08/22","2147.32","-1.16","-0.05","2143.83","2152.22","2115.07","7457.0","426564.0","1.904842E8"
"2012/08/21","2148.48","6.73","0.31","2145.05","2158.39","2143.85","8217.0","462416.0","1.90565847E8"
"2012/08/20","2141.75","-5.12","-0.24","2160.37","2160.37","2129.93","8305.0","482991.0","1.90001772E8"
"2012/08/17","2146.87","-1.93","-0.09","2160.78","2162.49","2134.69","8841.0","564734.0","1.90459288E8"
"2012/08/16","2148.80","-17.60","-0.81","2158.19","2162.59","2141.12","9606.0","553420.0","1.90676061E8"
"2012/08/14","2166.40","31.02","1.45","2146.33","2166.40","2141.69","9326.0","520611.0","1.9228871E8"
"2012/08/13","2135.38","-13.18","-0.61","2147.62","2152.39","2134.88","6632.0","361234.0","1.89553832E8"
"2012/08/10","2148.56","18.34","0.86","2130.66","2149.93","2130.66","9950.0","588217.0","1.90636552E8"
"2012/08/09","2130.22","56.71","2.73","2077.93","2135.26","2077.93","17198.0","1110250.0","1.89003513E8"
"2012/08/08","2073.51","2.15","0.10","2071.05","2095.22","2063.19","14027.0","800535.0","1.83917873E8"
"2012/08/07","2071.36","2.56","0.12","2063.41","2084.75","2062.12","12116.0","567794.0","1.83780982E8"
"2012/08/06","2068.80","41.07","2.03","2064.14","2077.00","2060.30","10781.0","674845.0","1.83492241E8"
"2012/08/03","2027.73","-40.54","-1.96","2043.38","2056.34","2026.65","8507.0","479151.0","1.80210633E8"
"2012/08/02","2068.27","-0.33","-0.02","2074.29","2077.01","2055.56","9427.0","492533.0","1.83860026E8"
"2012/08/01","2068.60","-8.15","-0.39","2065.30","2080.19","2055.98","11048.0","596111.0","1.83691246E8"
"2012/07/31","2076.75","34.78","1.70","2043.91","2098.13","2038.45","13180.0","840707.0","1.84385314E8"
"2012/07/30","2041.97","20.82","1.03","2044.07","2050.95","2033.41","7966.0","633224.0","1.81226646E8"
"2012/07/27","2021.15","29.57","1.48","2022.52","2022.62","1993.82","10955.0","714129.0","1.79342351E8"
"2012/07/26","1991.58","10.31","0.52","1990.27","2000.84","1969.45","9556.0","526326.0","1.76827556E8"
"2012/07/25","1981.27","-17.57","-0.88","1961.96","1995.55","1961.96","10035.0","576478.0","1.75810073E8"
"2012/07/24","1998.84","21.43","1.08","1975.76","2005.79","1964.12","10527.0","575949.0","1.77226507E8"
"2012/07/23","1977.41","-32.76","-1.63","1983.36","1987.34","1964.65","7848.0","479178.0","1.75357298E8"
"2012/07/20","2010.17","4.26","0.21","2006.45","2018.44","1993.52","10185.0","612702.0","1.7822097E8"
"2012/07/19","2005.91","56.67","2.91","1978.37","2009.84","1978.37","10690.0","702267.0","1.77918444E8"
"2012/07/18","1949.24","-36.99","-1.86","1986.25","1999.66","1947.68","10432.0","638053.0","1.73183765E8"
"2012/07/17","1986.23","-16.59","-0.83","1981.50","2000.85","1968.45","11989.0","1331757.0","1.76565769E8"
"2012/07/16","2002.82","11.70","0.59","1997.03","2009.87","1989.74","8380.0","502434.0","1.78238758E8"
"2012/07/13","1991.12","35.99","1.84","1964.05","2004.91","1945.67","11804.0","663317.0","1.77219658E8"
"2012/07/12","1955.13","-45.28","-2.26","1998.99","2008.07","1955.13","12307.0","691995.0","1.74051484E8"
"2012/07/11","2000.41","2.95","0.15","1993.49","2002.81","1981.93","7451.0","424919.0","1.7794002E8"
"2012/07/10","1997.46","-2.34","-0.12","2009.31","2013.80","1984.78","8190.0","429691.0","1.77791307E8"
"2012/07/09","1999.80","-23.71","-1.17","2003.03","2007.46","1993.06","7510.0","454420.0","1.78042068E8"
"2012/07/06","2023.51","-22.15","-1.08","2046.95","2051.25","2012.68","8962.0","482576.0","1.80063908E8"
"2012/07/05","2045.66","-4.02","-0.20","2046.41","2052.54","2036.94","13229.0","592380.0","1.82066766E8"
"2012/07/04","2049.68","18.07","0.89","2048.45","2055.89","2041.04","12402.0","710702.0","1.82215646E8"
"2012/07/03","2031.61","-22.13","-1.08","2056.43","2060.79","2023.67","13513.0","752862.0","1.80471845E8"
"2012/07/02","2053.74","16.40","0.80","2054.57","2058.86","2049.06","8558.0","452943.0","1.82463517E8"
"2012/06/29","2037.34","14.21","0.70","2000.10","2037.36","1987.63","9885.0","644923.0","1.80967093E8"
"2012/06/28","2023.13","6.70","0.33","2025.84","2030.53","1999.55","8244.0","440178.0","1.79708563E8"
"2012/06/27","2016.43","-38.41","-1.87","2044.35","2045.16","1988.45","13239.0","892604.0","1.78943663E8"
"2012/06/26","2054.84","-15.61","-0.75","2055.83","2064.08","2048.32","8255.0","420218.0","1.82384209E8"
"2012/06/25","2070.45","-10.71","-0.51","2078.33","2082.39","2046.17","7941.0","488473.0","1.83825697E8"
"2012/06/22","2081.16","-47.96","-2.25","2103.50","2107.16","2078.17","9110.0","524210.0","1.84919687E8"
"2012/06/21","2129.12","-9.61","-0.45","2133.92","2141.45","2116.37","7931.0","470007.0","1.88928425E8"
"2012/06/20","2138.73","7.89","0.37","2150.47","2150.47","2122.88","9589.0","561596.0","1.896947E8"
"2012/06/19","2130.84","17.42","0.82","2107.44","2130.84","2107.26","8782.0","579311.0","1.88931068E8"
"2012/06/18","2113.42","50.45","2.45","2102.75","2123.26","2097.34","11707.0","725114.0","1.87339818E8"
"2012/06/15","2062.97","-2.83","-0.14","2071.08","2071.38","2045.04","10294.0","526857.0","1.82866098E8"
"2012/06/14","2065.80","11.45","0.56","2050.22","2065.80","2039.74","12507.0","671672.0","1.75867451E8"
"2012/06/13","2054.35","8.99","0.44","2061.09","2063.29","2047.89","8287.0","435026.0","1.74868E8"
"2012/06/12","2045.36","-11.10","-0.54","2033.63","2048.62","2029.72","8364.0","393870.0","1.74167944E8"
"2012/06/11","2056.46","26.49","1.30","2057.59","2061.94","2046.77","9581.0","453977.0","1.75144138E8"
"2012/06/08","2029.97","-29.82","-1.45","2063.45","2063.45","2021.29","7151.0","418161.0","1.72900168E8"
"2012/06/07","2059.79","34.13","1.68","2064.56","2074.94","2053.26","10429.0","585520.0","1.75279073E8"
"2012/06/05","2025.66","7.83","0.39","2043.31","2046.00","2016.57","8547.0","419421.0","1.72290561E8"
"2012/06/04","2017.83","-53.84","-2.60","2015.06","2027.18","2008.32","11776.0","628928.0","1.71717638E8"
"2012/06/01","2071.67","-29.63","-1.41","2085.88","2099.91","2062.70","8981.0","508020.0","1.76127174E8"
"2012/05/31","2101.30","10.39","0.50","2063.32","2101.30","2053.53","11816.0","686480.0","1.78813671E8"
"2012/05/30","2090.91","15.91","0.77","2069.86","2100.39","2063.35","9095.0","585544.0","1.77840449E8"
"2012/05/29","2075.00","32.27","1.58","2039.99","2078.02","2035.14","9177.0","482018.0","1.76407902E8"
"2012/05/25","2042.73","8.07","0.40","2039.41","2051.25","2027.44","8839.0","470186.0","1.73671942E8"
"2012/05/24","2034.66","-6.02","-0.29","2037.63","2049.84","2020.08","8317.0","467700.0","1.729838E8"
"2012/05/23","2040.68","-14.17","-0.69","2044.64","2051.58","2031.14","9720.0","490033.0","1.73504529E8"
"2012/05/22","2054.85","6.89","0.34","2074.45","2075.24","2047.57","10890.0","658149.0","1.74851903E8"
"2012/05/21","2047.96","40.89","2.04","2024.06","2055.09","2014.01","10698.0","627941.0","1.74134901E8"
"2012/05/18","2007.07","-77.82","-3.73","2046.99","2047.15","2003.73","13982.0","810247.0","1.70713233E8"
"2012/05/17","2084.89","-5.42","-0.26","2087.66","2099.37","2060.43","11966.0","728978.0","1.77446875E8"
"2012/05/16","2090.31","-74.14","-3.43","2155.89","2166.52","2083.65","12290.0","742355.0","1.78060962E8"
"2012/05/15","2164.45","-2.54","-0.12","2155.27","2175.42","2131.39","11350.0","686020.0","1.84253072E8"
"2012/05/14","2166.99","17.56","0.82","2142.54","2179.63","2133.38","9186.0","534770.0","1.84412755E8"
"2012/05/11","2149.43","-8.46","-0.39","2154.14","2159.80","2138.06","8907.0","549998.0","1.83008321E8"
"2012/05/10","2157.89","-14.85","-0.68","2167.18","2173.82","2142.67","8580.0","551884.0","1.83724124E8"
"2012/05/09","2172.74","-22.91","-1.04","2186.81","2191.66","2160.98","8492.0","542468.0","1.84772584E8"
"2012/05/08","2195.65","-0.75","-0.03","2207.96","2209.14","2188.55","8558.0","565902.0","1.86847504E8"
"2012/05/07","2196.40","-10.23","-0.46","2170.28","2204.84","2161.65","9639.0","633037.0","1.8707692E8"
"2012/05/04","2206.63","-32.74","-1.46","2230.38","2237.08","2204.29","10341.0","662680.0","1.87764875E8"
"2012/05/03","2239.37","-22.15","-0.98","2253.75","2255.09","2224.34","9425.0","658138.0","1.90433876E8"
"2012/05/02","2261.52","-10.02","-0.44","2285.64","2294.57","2255.98","15049.0","913624.0","1.92429408E8"
"2012/04/30","2271.54","50.33","2.27","2237.62","2275.46","2234.90","12971.0","914380.0","1.93323085E8"
"2012/04/27","2221.21","13.35","0.60","2223.18","2244.13","2208.74","14706.0","896889.0","1.89248761E8"
"2012/04/26","2207.86","15.92","0.73","2203.16","2225.94","2189.79","11772.0","930621.0","1.88341352E8"
"2012/04/25","2191.94","6.45","0.30","2199.88","2211.82","2185.68","10048.0","692460.0","1.86862864E8"
"2012/04/24","2185.49","24.33","1.13","2152.62","2203.79","2148.41","10674.0","800045.0","1.8628996E8"
"2012/04/23","2161.16","-19.52","-0.90","2175.09","2189.55","2149.61","8182.0","525180.0","1.84297329E8"
"2012/04/20","2180.68","-25.79","-1.17","2193.67","2197.71","2176.01","8456.0","575307.0","1.85918978E8"
"2012/04/19","2206.47","-10.62","-0.48","2214.46","2222.73","2204.28","7690.0","456694.0","1.88119418E8"
"2012/04/18","2217.09","21.66","0.99","2229.65","2232.23","2204.40","9370.0","658144.0","1.89197602E8"
"2012/04/17","2195.43","-19.29","-0.87","2222.94","2226.72","2195.43","8705.0","560105.0","1.87417934E8"
"2012/04/16","2214.72","-7.59","-0.34","2187.24","2227.23","2184.85","8780.0","634724.0","1.89019585E8"
"2012/04/13","2222.31","12.70","0.57","2232.81","2239.45","2204.19","8985.0","564922.0","1.89409172E8"
"2012/04/12","2209.61","-14.19","-0.64","2211.32","2211.32","2178.63","11442.0","825926.0","1.88552988E8"
"2012/04/10","2223.80","-31.23","-1.38","2260.40","2260.69","2216.72","11394.0","823158.0","1.89788338E8"
"2012/04/09","2255.03","-16.43","-0.72","2249.26","2266.14","2226.08","10376.0","672038.0","1.925276E8"
"2012/04/06","2271.46","13.18","0.58","2266.31","2278.70","2245.81","11437.0","829973.0","1.93689344E8"
"2012/04/05","2258.28","67.21","3.07","2183.76","2267.39","2183.76","15724.0","1156877.0","1.92623768E8"
"2012/04/04","2191.07","-17.99","-0.81","2217.68","2238.03","2187.11","13990.0","1017703.0","1.86947213E8"
"2012/04/03","2209.06","57.56","2.68","2178.96","2212.00","2178.53","17284.0","1264551.0","1.88301796E8"
"2012/04/02","2151.50","36.15","1.71","2127.30","2156.06","2127.07","9600.0","681173.0","1.83242004E8"
"2012/03/30","2115.35","-19.18","-0.90","2136.82","2137.76","2115.35","10871.0","680508.0","1.80014945E8"
"2012/03/29","2134.53","6.94","0.33","2119.97","2147.13","2119.97","11996.0","826229.0","1.81654379E8"
"2012/03/28","2127.59","22.67","1.08","2102.50","2131.61","2098.84","11194.0","802322.0","1.80780411E8"
"2012/03/27","2104.92","24.97","1.20","2106.42","2110.94","2100.65","11158.0","664985.0","1.78776776E8"
"2012/03/26","2079.95","1.05","0.05","2086.50","2097.25","2068.47","8197.0","435382.0","1.76875062E8"
"2012/03/23","2078.90","-16.56","-0.79","2085.27","2089.06","2073.94","9710.0","462845.0","1.76806166E8"
"2012/03/22","2095.46","10.48","0.50","2083.30","2095.46","2077.86","9340.0","547220.0","1.7832497E8"
"2012/03/21","2084.98","5.31","0.26","2071.63","2090.10","2062.28","9825.0","565837.0","1.77388432E8"
"2012/03/20","2079.67","-5.47","-0.26","2085.24","2101.05","2078.93","10978.0","643135.0","1.76924625E8"
"2012/03/19","2085.14","-5.52","-0.26","2086.76","2091.33","2063.06","12296.0","689296.0","1.77424621E8"
"2012/03/16","2090.66","-34.16","-1.61","2132.76","2132.76","2082.63","10154.0","627756.0","1.7798447E8"
"2012/03/15","2124.82","14.25","0.68","2120.39","2135.64","2118.70","12034.0","801535.0","1.80835873E8"
"2012/03/14","2110.57","6.40","0.30","2127.94","2131.31","2109.34","13335.0","815445.0","1.79774209E8"
"2012/03/13","2104.17","49.54","2.41","2072.00","2112.64","2072.00","15033.0","964074.0","1.79096587E8"
"2012/03/12","2054.63","9.69","0.47","2053.57","2063.58","2043.15","12204.0","530504.0","1.74950332E8"
"2012/03/09","2044.94","7.54","0.37","2056.84","2058.62","2037.33","13587.0","567187.0","1.74025688E8"
"2012/03/08","2037.40","5.93","0.29","2037.50","2043.44","2021.15","14041.0","848962.0","1.73351366E8"
"2012/03/07","2031.47","-34.58","-1.67","2030.51","2046.60","2028.26","9566.0","538632.0","1.72979372E8"
"2012/03/06","2066.05","-18.11","-0.87","2089.85","2099.89","2052.09","12536.0","627094.0","1.75947651E8"
"2012/03/05","2084.16","0.31","0.01","2079.19","2098.39","2078.15","10411.0","643372.0","1.77648197E8"
"2012/03/02","2083.85","11.51","0.56","2094.52","2104.27","2083.85","14100.0","823645.0","1.77452607E8"
"2012/02/29","2072.34","57.08","2.83","2027.79","2072.34","2027.38","13470.0","900242.0","1.76449865E8"
"2012/02/28","2015.26","-1.51","-0.07","2003.74","2017.94","1995.49","11079.0","602934.0","1.71740503E8"
"2012/02/27","2016.77","-51.00","-2.47","2057.03","2057.03","2000.51","13773.0","858586.0","1.71995117E8"
"2012/02/24","2067.77","-13.34","-0.64","2079.39","2080.14","2053.08","11915.0","709615.0","1.76078901E8"
"2012/02/23","2081.11","-23.00","-1.09","2097.79","2097.79","2078.90","10962.0","643945.0","1.77142711E8"
"2012/02/22","2104.11","0.15","0.01","2108.19","2118.58","2098.13","11440.0","669867.0","1.79075786E8"
"2012/02/21","2103.96","10.71","0.51","2096.18","2106.17","2084.58","9942.0","592059.0","1.79074562E8"
"2012/02/20","2093.25","3.00","0.14","2112.79","2122.92","2090.09","11724.0","695649.0","1.78019074E8"
"2012/02/17","2090.25","30.17","1.46","2079.43","2103.18","2075.34","17305.0","1097419.0","1.77838737E8"
"2012/02/16","2060.08","-21.63","-1.04","2064.78","2068.85","2048.50","12470.0","739597.0","1.75370178E8"
"2012/02/15","2081.71","-1.95","-0.09","2086.59","2100.07","2073.10","11415.0","672176.0","1.76924026E8"
"2012/02/14","2083.66","-6.80","-0.33","2093.57","2105.86","2076.52","19477.0","950941.0","1.77022358E8"
"2012/02/13","2090.46","38.11","1.86","2062.09","2099.68","2062.09","14662.0","846561.0","1.77663673E8"
"2012/02/10","2052.35","-22.08","-1.06","2067.39","2067.41","2045.23","15712.0","838997.0","1.74491564E8"
"2012/02/09","2074.43","-8.49","-0.41","2068.67","2074.57","2038.91","15249.0","900244.0","1.76194781E8"
"2012/02/08","2082.92","7.94","0.38","2072.47","2091.07","2065.59","14636.0","831246.0","1.77129474E8"
"2012/02/07","2074.98","53.09","2.63","2025.92","2077.05","2025.92","16647.0","1034122.0","1.76476437E8"
"2012/02/06","2021.89","-8.62","-0.42","2051.15","2055.41","2008.14","16660.0","959431.0","1.72010109E8"
"2012/02/03","2030.51","-19.21","-0.94","2057.28","2057.75","2019.74","15368.0","999591.0","1.72850638E8"
"2012/02/02","2049.72","-0.41","-0.02","2069.03","2071.55","2041.58","18743.0","1053681.0","1.74586622E8"
"2012/02/01","2050.13","1.20","0.06","2047.39","2065.51","2034.43","21388.0","1163455.0","1.74620912E8"
"2012/01/31","2048.93","20.57","1.01","2029.68","2050.56","2023.30","15091.0","1268438.0","1.74930133E8"
"2012/01/30","2028.36","-57.83","-2.77","2066.74","2067.70","2024.61","14794.0","1182886.0","1.73080012E8"
"2012/01/27","2086.19","-34.33","-1.62","2113.81","2114.89","2082.96","13910.0","983111.0","1.77774153E8"
"2012/01/26","2120.52","-6.78","-0.32","2138.83","2144.05","2113.26","14662.0","823449.0","1.80699881E8"
"2012/01/25","2127.30","8.55","0.40","2113.04","2156.50","2113.04","17585.0","946176.0","1.81312042E8"
"2012/01/20","2118.75","25.24","1.21","2093.16","2118.75","2091.18","18575.0","1015822.0","1.80460287E8"
"2012/01/19","2093.51","1.16","0.06","2110.14","2113.92","2074.45","18940.0","1018180.0","1.78399947E8"
"2012/01/18","2092.35","-27.08","-1.28","2116.86","2117.70","2077.41","19023.0","926308.0","1.78304868E8"
"2012/01/17","2119.43","40.29","1.94","2104.46","2123.80","2102.48","13591.0","674397.0","1.80564009E8"
"2012/01/16","2079.14","-11.25","-0.54","2085.77","2091.26","2060.16","11382.0","460914.0","1.76992593E8"
"2012/01/13","2090.39","-3.60","-0.17","2095.61","2109.55","2080.63","16507.0","605816.0","1.77931074E8"
"2012/01/12","2093.99","22.04","1.06","2086.82","2093.99","2062.15","22745.0","612942.0","1.78158063E8"
"2012/01/11","2071.95","-3.85","-0.19","2081.69","2084.71","2068.12","12058.0","588232.0","1.76094333E8"
"2012/01/10","2075.80","36.78","1.80","2056.77","2082.60","2055.40","12258.0","616283.0","1.76283378E8"
"2012/01/09","2039.02","-1.78","-0.09","2025.77","2043.56","2004.67","9329.0","449315.0","1.73138915E8"
"2012/01/06","2040.80","-25.45","-1.23","2073.01","2075.77","2013.01","10278.0","495680.0","1.73185766E8"
"2012/01/05","2066.25","-1.31","-0.06","2071.00","2087.02","2060.12","9365.0","501051.0","1.75212203E8"
"2012/01/04","2067.56","8.40","0.41","2073.19","2084.92","2065.63","10080.0","541806.0","1.75324295E8"
"2012/01/03","2059.16","58.89","2.94","2019.12","2059.26","2019.12","10436.0","559583.0","1.74636326E8"
"2012/01/02","2000.27","-6.49","-0.32","2013.59","2022.59","1982.24","6438.0","284730.0","1.69719939E8"