Date,재고순환지표(%p),경제심리지수,기계류내수출하지수(선박제외)(2020=100), 건설수주액(실질)(십억원),수출입물가비율(2015=100),코스피(1980.1.4=100), 장단기금리차(%p),외환보유액,뉴스심리지수,원/달러,원/엔,원/위안,CD91일,WTI유,G7,G20,미장단기,거래량,종가,구리,천연가스,은,금
2008-01,5.0,112.1,98.5,10384.8,105.1,1853.7,0.67,"261,870,733",98.54,936.8,8.5496,128.46,5.84,26.816444,101.3236,101.5589,1.03,11548.0,1000.0,3.064,7.85,15.29,860.0
2008-02,3.9,112.0,98.4,9246.1,103.7,1775.3,0.53,"262,364,808",97.88,944.1,8.8572,131.45,5.46,26.27693,101.1792,101.2868,1.53,13564.0,897.97,3.273,7.74,16.916,913.5
2008-03,3.2,110.5,98.4,9434.4,102.2,1691.0,0.31,"264,245,660",88.12,946.7,9.1692,133.29,5.17,26.771666,101.0027,100.9743,1.93,9948.0,873.82,3.9285,9.346,20.18,984.2
2008-04,0.4,109.4,98.9,10121.7,100.7,1705.8,0.14,"260,482,546",103.73,983.5,9.6579,140.32,5.39,27.311699,100.7729,100.6014,1.77,13964.0,965.78,3.8065,9.724,16.935,887.8
2008-05,-1.6,106.1,98.5,9955.6,98.6,1758.2,0.22,"258,198,958",93.06,1009.1,9.6611,144.41,5.36,25.48176,100.4583,100.1452,1.41,16690.0,1056.74,3.6945,10.561,16.205,850.9
2008-06,-5.7,103.4,97.2,8975.2,96.7,1793.9,0.42,"258,097,988",76.31,1033.6,9.8942,149.11,5.36,25.621851,100.0315,99.59329,1.47,14445.0,1031.71,3.5965,11.969,16.958,897.0
2008-07,-7.7,98.6,97.2,8209.2,94.9,1724.9,0.76,"247,522,666",79.55,1048.9,9.8883,153.18,5.37,24.305025,99.47837,98.94109,1.38,11848.0,932.16,3.9105,13.505,18.29,944.5
2008-08,-9.3,98.0,97.2,8085.4,95.1,1621.8,0.83,"243,200,303",75.88,1015.9,9.4349,148.49,5.69,26.22304,98.8004,98.20908,1.46,8587.0,914.44,3.5785,9.389,17.571,917.5
2008-09,-10.9,97.7,98.1,7754.3,96.4,1517.9,0.76,"239,671,786",70.51,1115.9,10.3304,163.51,5.79,26.9046815,98.01387,97.42838,1.48,15700.0,863.49,3.33,7.602,13.3915,822.85
2008-10,-14.6,94.0,97.2,8074.4,99.3,1395.3,0.51,"212,252,810",60.04,1187.3,11.2247,173.47,5.85,26.885315,97.17133,96.66338,1.95,28483.0,880.53,2.7895,7.728,12.77,887.3
2008-11,-20.4,83.8,95.9,7672.5,102.3,1240.8,0.7,"200,505,915",65.53,1239.6,12.7344,181.63,5.97,22.523048,96.37589,96.0173,2.51,48149.0,678.15,1.84,6.838,9.756,726.8
2008-12,-24.2,71.6,92.6,9240.8,105.2,1130.2,0.83,"201,223,413",72.73,1439.4,15.4511,209.22,5.45,21.778536,95.72173,95.57029,1.82,25947.0,575.08,1.631,6.604,9.366,776.8
2009-01,-24.9,66.7,87.7,8736.4,106.2,1115.1,1.25,"201,741,003",76.45,1316.5,14.323,193.61,3.93,24.57575,95.27266,95.36561,1.58,20461.0,628.67,1.461,5.971,11.49,879.5
2009-02,-18.1,66.5,85.6,9141.8,106.4,1137.0,1.7,"201,534,628",80.19,1390.1,15.5587,203.36,2.96,22.954964,95.06628,95.42651,1.87,18892.0,631.95,1.431,4.557,12.425,907.2
2009-03,-11.7,70.6,85.3,8213.8,106.3,1145.6,2.27,"206,340,481",89.93,1570.2,16.1515,229.49,2.49,20.742956,95.11624,95.71786,2.02,19261.0,577.77,1.516,4.152,13.07,940.0
2009-04,-4.6,78.1,88.0,8739.9,107.4,1200.8,2.63,"212,478,021",99.01,1357.1,13.9265,200.98,2.43,20.978424,95.40618,96.20185,1.85,35410.0,709.1,1.849,3.695,12.989,927.7
2009-05,0.0,86.5,87.5,8607.6,107.6,1287.7,2.66,"226,766,307",99.85,1267.5,12.8339,185.93,2.41,22.378937,95.87118,96.81318,2.29,43259.0,833.44,2.144,3.725,13.113,902.2
2009-06,7.3,95.0,90.4,8874.9,106.6,1372.6,2.68,"231,734,629",101.13,1232.3,12.7687,180.69,2.41,24.94854,96.44138,97.48813,2.74,53655.0,878.96,2.319,4.249,15.749,980.0
2009-07,12.1,98.1,90.1,8506.2,105.3,1418.6,2.7,"237,509,692",108.91,1257.0,13.0379,184.25,2.41,25.92606,97.05297,98.16209,2.5,33586.0,880.13,2.3305,3.795,13.76,941.3
2009-08,14.6,102.3,90.5,7955.0,103.8,1477.7,2.8,"245,458,538",105.46,1212.5,12.7474,177.77,2.41,26.07795,97.65759,98.78104,2.48,34387.0,1006.47,2.7385,4.031,14.273,958.8
2009-09,15.6,105.8,89.7,7996.0,103.5,1565.8,2.82,"254,247,250",109.23,1245.6,13.4328,182.65,2.57,25.951408,98.22144,99.31869,2.46,31550.0,1123.29,2.8185,2.821,15.051,956.5
2009-10,17.3,109.9,91.2,9481.7,102.2,1622.7,2.9,"264,187,192",106.15,1173.2,13.1045,172.02,2.76,27.412037,98.71674,99.76314,2.34,35672.0,1127.68,2.737,4.466,16.44,1000.7
2009-11,22.6,110.0,94.1,11795.4,101.0,1624.5,2.87,"270,892,261",105.4,1185.4,13.1323,173.77,2.79,28.612791,99.13782,100.1177,2.53,25694.0,1103.06,2.945,4.824,16.45,1054.0
2009-12,28.1,110.2,97.2,11743.0,99.9,1620.2,2.84,"269,994,736",114.77,1154.2,13.3403,169.3,2.79,31.175951,99.48981,100.3823,2.61,22466.0,1092.66,3.231,4.762,19.201,1200.2
2010-01,31.3,110.5,99.4,11105.5,99.3,1637.4,2.81,"273,693,584",113.22,1150.1,12.423,168.42,2.88,30.121595,99.77248,100.5631,2.76,16909.0,1227.93,3.406,5.884,17.463,1118.3
2010-02,24.4,113.1,100.3,9130.6,99.6,1642.6,2.79,"270,659,721",104.91,1165.5,12.8662,170.83,2.88,29.225973,99.9798,100.664,2.82,21369.0,1153.81,3.0835,5.434,16.671,1105.0
2010-03,16.2,114.8,101.0,8394.4,99.3,1648.9,2.69,"272,331,061",108.95,1148.1,12.9,167.73,2.88,30.659122,100.1228,100.711,2.81,16011.0,1169.97,3.4115,4.708,17.064,1137.4
2010-04,7.6,115.9,104.4,7481.8,99.0,1664.9,2.55,"278,873,477",112.77,1125.0,11.9996,165.0,2.78,31.37203,100.1966,100.7026,2.84,18132.0,1222.82,3.584,4.086,17.904,1126.1
2010-05,4.8,115.8,108.4,8134.6,98.2,1681.4,2.43,"270,221,038",107.91,1118.2,11.829,163.89,2.45,31.00301,100.209,100.6494,2.72,13112.0,1293.87,3.2935,4.0,18.84,1183.3
2010-06,0.7,115.6,111.4,8234.9,98.1,1690.2,2.42,"274,218,706",109.93,1216.1,13.3666,178.14,2.45,28.302616,100.1928,100.5863,2.51,15253.0,1312.15,3.00475,4.469,18.57,1226.9
2010-07,-2.3,115.0,111.8,8787.2,98.1,1690.4,2.35,"285,957,848",109.59,1227.1,14.0151,181.09,2.46,29.005295,100.1914,100.5533,2.33,14570.0,1362.07,2.877,4.854,17.79,1206.7
2010-08,-4.4,114.1,113.2,7402.6,97.3,1728.4,2.22,"285,353,120",105.05,1172.1,13.5673,173.23,2.63,28.973179,100.2357,100.572,2.43,13823.0,1474.62,3.3895,4.701,18.438,1185.4
2010-09,-6.2,113.8,114.0,7694.6,96.1,1769.7,1.96,"289,775,214",109.98,1184.1,14.0285,173.91,2.66,27.740208,100.3282,100.6397,2.08,15371.0,1465.26,3.4775,3.762,19.379,1248.1
2010-10,-7.2,112.8,113.1,6143.0,94.5,1822.6,1.68,"293,347,790",108.51,1130.1,13.5913,169.06,2.66,28.351143,100.4578,100.742,2.12,15184.0,1648.14,3.6905,3.797,22.06,1317.8
2010-11,-7.8,112.7,112.0,6457.5,93.3,1876.7,1.57,"290,230,708",110.97,1117.2,13.8956,167.16,2.66,28.804438,100.6137,100.8565,2.32,18353.0,1823.81,3.785,3.832,24.573,1350.6
2010-12,-7.8,111.9,110.4,6039.9,91.9,1939.0,1.53,"291,570,661",112.2,1149.0,13.658,172.59,2.8,28.79324,100.7648,100.9565,2.44,10890.0,1835.62,3.9475,4.269,28.403,1388.3
2011-01,-3.2,111.8,113.2,6642.7,90.6,2006.3,1.61,"295,956,219",115.44,1123.8,13.7614,170.67,2.8,29.747673,100.8781,101.0253,2.75,14448.0,1877.66,4.4575,4.65,31.125,1422.9
2011-02,1.4,111.7,114.3,6665.8,89.6,2032.3,1.61,"297,667,285",102.18,1113.2,13.6975,168.88,3.05,28.792562,100.925,101.042,2.87,14640.0,1807.19,4.547,4.347,28.52,1340.3
2011-03,4.2,111.0,114.8,6866.2,88.8,2032.4,1.5,"298,617,571",97.23,1124.05,13.7188,170.87,3.17,29.014011,100.8857,100.9989,2.75,10808.0,1780.47,4.498,3.818,34.835,1437.7
2011-04,1.7,111.5,113.0,7123.8,87.8,2052.9,1.32,"307,198,549",107.81,1086.8,12.9319,166.01,3.39,30.22262,100.7634,100.8932,2.66,13500.0,2044.7,4.2585,4.362,37.745,1428.9
2011-05,-2.0,110.9,113.8,7273.6,87.2,2092.6,1.08,"305,083,958",103.83,1065.6,13.1242,164.18,3.43,31.963356,100.5703,100.7362,2.7,16310.0,2340.18,4.196,4.693,46.084,1557.1
2011-06,-4.7,110.5,114.9,7358.2,86.5,2116.5,0.92,"304,484,573",100.81,1077.8,13.3245,166.44,3.46,32.855541,100.3225,100.5409,2.52,14789.0,2314.34,4.1065,4.629,37.707,1543.2
2011-07,-6.0,108.7,116.6,6943.5,86.2,2115.5,0.79,"311,030,779",106.13,1064.7,13.1781,164.77,3.57,33.44529,100.0492,100.3237,2.72,13666.0,2368.46,4.3025,4.311,33.705,1482.6
2011-08,-6.5,106.9,116.7,7663.0,86.0,2031.4,0.64,"312,194,523",85.55,1051.8,13.5948,163.19,3.59,31.971354,99.78893,100.1068,2.39,16370.0,2395.14,4.41,4.188,39.32,1621.7
2011-09,-6.3,106.2,116.5,7516.1,85.8,1936.8,0.5,"303,383,685",88.83,1063.2,13.8351,166.64,3.59,34.208813,99.5932,99.92723,1.96,20009.0,2107.47,4.1605,4.05,41.507,1829.1
2011-10,-6.8,105.0,116.4,8079.0,85.8,1828.8,0.38,"310,975,985",97.82,1198.2,15.5924,188.06,3.58,33.645638,99.49477,99.81077,1.56,19391.0,2038.14,3.1035,3.638,29.839,1616.0
2011-11,-9.0,104.3,114.5,7472.4,85.3,1825.2,0.31,"308,631,299",96.28,1122.0,14.3297,176.6,3.57,33.733627,99.48706,99.75957,1.78,16730.0,2170.86,3.5025,3.781,32.746,1711.8
2011-12,-11.5,102.3,112.8,7564.2,85.0,1849.3,0.29,"306,402,488",97.06,1127.1,14.5015,176.97,3.55,34.507172,99.54171,99.75783,1.84,18751.0,2102.65,3.534,3.648,32.734,1739.8
2012-01,-13.9,101.3,114.5,7928.5,84.5,1871.0,0.25,"311,340,552",102.46,1154.6,15.0234,183.53,3.56,35.2883795,99.61552,99.78135,1.7,6438.0,2000.27,3.44925,3.01,28.4435,1570.7
2012-02,-12.4,101.6,119.1,9627.9,84.2,1919.1,0.26,"315,803,644",97.58,1118.5,14.7435,178.13,3.54,35.12421,99.66579,99.8016,1.64,21388.0,2050.13,3.842,2.382,33.837,1749.5
2012-03,-11.5,103.5,119.6,9295.3,83.7,1972.5,0.33,"315,951,551",105.26,1115.1,13.6378,177.37,3.54,35.922043,99.66666,99.79774,1.73,14100.0,2083.85,3.903,2.484,34.525,1709.8
2012-04,-9.0,106.3,118.0,8859.1,83.6,2007.5,0.38,"316,836,857",103.14,1124.9,13.7194,178.76,3.55,37.9417,99.61109,99.7634,1.89,9600.0,2151.5,3.921,2.152,33.125,1679.7
2012-05,-8.0,106.5,113.0,7068.8,84.0,1968.6,0.35,"310,871,842",94.17,1127.0,14.1054,178.74,3.54,38.923676,99.51392,99.71161,1.71,15049.0,2261.52,3.787,2.253,30.645,1654.0
2012-06,-5.0,104.8,111.7,7599.3,85.3,1910.3,0.26,"312,378,022",94.31,1177.8,15.1574,185.65,3.54,37.422581,99.40159,99.65648,1.22,8981.0,2071.67,3.3135,2.326,28.538,1622.1
2012-07,-3.3,100.5,109.2,7699.8,86.1,1853.9,0.14,"314,348,164",91.13,1146.0,14.3885,180.19,3.54,40.230816,99.30848,99.61681,1.31,8558.0,2053.74,3.469,2.824,27.499,1597.7
2012-08,-4.2,96.9,107.0,7450.3,86.2,1864.8,0.04,"316,884,505",89.59,1126.5,14.3691,177.0,3.2,41.59206,99.25304,99.60199,1.32,11048.0,2068.6,3.375,3.171,27.561,1607.3
2012-09,-3.7,94.6,104.3,6616.2,85.4,1902.3,-0.04,"322,014,520",95.23,1131.3,14.4544,178.53,3.16,41.656454,99.24425,99.6179,1.36,8040.0,2125.45,3.469,2.854,32.411,1696.0
2012-10,-3.1,93.1,103.9,6030.5,85.1,1940.8,-0.04,"323,461,424",92.47,1112.6,14.2452,177.18,3.09,42.107098,99.27417,99.66235,1.39,11253.0,2123.16,3.801,3.531,34.669,1775.6
2012-11,-0.7,91.8,103.4,5911.1,85.4,1936.1,0.02,"326,091,468",97.22,1089.8,13.6078,174.75,2.85,41.540054,99.33739,99.73273,1.45,16444.0,1896.97,3.552,3.699,32.274,1715.5
2012-12,-0.2,91.1,104.5,5731.6,85.9,1940.2,0.13,"326,968,393",98.35,1082.9,13.1746,173.89,2.85,42.411118,99.4352,99.82375,1.38,9353.0,1990.03,3.6585,3.591,33.734,1721.1
2013-01,-1.5,92.1,101.9,5352.4,86.2,1954.9,0.15,"328,910,278",99.16,1062.3,12.1898,170.7,2.89,41.712715,99.56219,99.92427,1.59,8638.0,1962.97,3.736,3.233,31.007,1688.8
2013-02,-3.9,93.9,101.4,5472.0,86.4,1979.9,0.14,"327,395,341",93.21,1091.38,11.8023,175.87,2.84,43.344288,99.70644,100.0234,1.77,9984.0,1908.85,3.7845,3.301,31.988,1670.6
2013-03,-5.4,96.3,100.0,5670.4,86.9,1985.4,0.04,"327,408,423",96.32,1090.0,11.6742,175.26,2.82,45.317356,99.84541,100.1103,1.61,9610.0,2020.26,3.5015,3.529,28.496,1572.4
2013-04,-5.3,97.5,99.4,5930.5,87.3,1969.7,-0.03,"328,799,477",92.53,1111.0,11.9477,179.56,2.81,46.449894,99.98595,100.1836,1.63,8043.0,2015.85,3.3745,4.015,27.974,1600.9
2013-05,-4.0,97.8,98.7,5765.1,88.0,1967.9,-0.01,"328,095,419",97.91,1100.0,11.2543,179.11,2.81,47.91642,100.133,100.2505,1.46,8599.0,1865.67,3.1045,4.025,23.83,1467.6
2013-06,-3.8,97.1,101.0,5628.6,88.6,1932.6,0.2,"326,439,981",89.86,1119.2,11.2527,182.67,2.69,46.515404,100.2732,100.3092,1.83,9418.0,1985.14,3.3305,3.991,22.745,1411.9
2013-07,-5.0,96.4,101.6,5847.0,88.9,1910.2,0.47,"329,709,314",95.38,1134.5,11.3944,185.18,2.69,45.999451,100.3996,100.358,2.16,8799.0,1960.07,3.157,3.577,19.578,1255.7
2013-08,-3.0,95.7,102.2,5681.6,88.6,1884.4,0.68,"331,093,643",92.28,1122.9,11.2864,183.26,2.66,48.350784,100.5126,100.3961,2.39,7933.0,2005.59,3.166,3.387,19.644,1311.2
2013-09,-5.0,95.7,100.0,6049.0,88.2,1917.7,0.71,"336,921,772",103.88,1099.5,11.0613,179.55,2.66,45.9955235,100.6055,100.4192,2.43,8422.0,2053.49,3.3045,3.666,24.429,1412.0
2013-10,-5.3,96.3,101.4,6509.2,87.9,1970.4,0.67,"343,225,517",94.86,1073.0,10.9546,175.37,2.66,47.975544,100.6732,100.4261,2.33,10600.0,2132.54,3.274,3.609,21.175,1286.1
2013-11,-7.8,97.2,101.8,6984.0,88.0,2008.0,0.66,"345,011,747",100.96,1060.8,10.7545,174.01,2.65,52.488487,100.7208,100.4195,2.32,7656.0,2144.66,3.2985,3.513,21.852,1313.2
2013-12,-6.0,97.7,103.6,7143.6,87.8,2009.3,0.71,"346,459,569",96.59,1058.0,10.2812,173.72,2.65,52.400173,100.742,100.396,2.51,9421.0,2148.85,3.1825,3.988,19.272,1221.9
2014-01,-4.3,98.6,101.9,7069.7,87.7,1982.1,0.77,"348,393,811",93.56,1053.8,10.0277,173.62,2.66,51.613548,100.7419,100.361,2.61,10255.0,1993.11,3.3815,4.321,20.128,1225.2
2014-02,-2.9,100.1,101.9,7433.2,87.5,1958.1,0.74,"351,791,760",97.52,1087.48,10.7412,178.97,2.65,48.553375,100.738,100.332,2.31,8984.0,2048.08,3.1835,4.905,19.427,1259.9
2014-03,-2.6,101.1,100.8,6805.4,87.6,1946.1,0.71,"354,341,349",104.12,1071.85,10.5488,174.12,2.65,50.207596,100.7331,100.3159,2.28,8181.0,2114.37,3.172,4.492,21.485,1350.3
2014-04,-3.7,101.8,101.3,7007.1,87.5,1960.4,0.68,"355,845,420",104.79,1056.57,10.2127,170.53,2.65,51.821472,100.7133,100.3014,2.33,9438.0,2163.52,3.0345,4.276,19.706,1280.0
2014-05,-5.2,101.2,100.8,6572.3,87.5,1979.2,0.65,"360,912,745",102.91,1030.1,10.081,164.57,2.65,54.43716,100.6749,100.2863,2.22,8785.0,2044.01,3.07,4.674,19.546,1302.9
2014-06,-6.3,100.0,101.0,7346.2,87.5,1993.5,0.59,"366,545,511",101.99,1024.34,10.0064,163.98,2.65,55.337685,100.6235,100.2719,2.15,7529.0,2074.26,3.1705,4.612,18.757,1244.0
2014-07,-5.6,97.7,101.7,7209.6,87.7,2003.7,0.45,"368,026,376",104.41,1010.0,9.9569,163.05,2.65,55.556736,100.564,100.2603,2.11,7591.0,2062.72,3.204,4.455,21.117,1326.6
2014-08,-5.6,96.7,101.4,8380.3,88.3,2026.0,0.4,"367,534,108",108.61,1031.49,10.1116,167.93,2.65,52.151131,100.5044,100.2509,2.05,9304.0,2195.06,3.2145,3.798,20.393,1294.8
2014-09,-4.8,97.7,101.3,8656.3,89.1,2041.9,0.38,"364,406,672",102.21,1011.94,9.7068,164.94,2.4,52.660822,100.4528,100.2435,1.89,7805.0,2161.39,3.155,3.89,19.152,1265.0
2014-10,-5.3,97.7,100.8,8764.3,90.2,2015.5,0.4,"363,723,405",96.51,1060.17,9.7613,173.17,2.35,52.917686,100.4115,100.2368,1.89,9458.0,1964.34,3.036,4.023,17.259,1215.5
2014-11,-3.2,97.6,102.4,7319.0,91.7,1981.7,0.38,"363,095,393",105.14,1083.0,9.4972,177.03,2.14,55.28175,100.3838,100.2321,1.84,12534.0,1793.43,3.065,4.046,16.22,1169.8
2014-12,-1.1,96.3,102.0,6817.9,93.7,1948.1,0.35,"363,592,748",100.09,1109.8,9.3761,180.44,2.13,56.913704,100.3653,100.2238,1.73,8469.0,1876.21,2.898,4.007,16.683,1218.1
2015-01,0.6,97.0,100.6,7791.9,96.3,1940.9,0.29,"362,186,186",104.49,1103.75,9.1856,178.36,2.13,56.618473,100.3538,100.2083,1.46,6673.0,1796.73,2.8175,3.003,15.768,1186.2
2015-02,-0.2,98.8,99.7,8327.3,97.8,1941.3,0.22,"362,370,074",106.28,1098.9,9.3495,175.64,2.12,56.874367,100.3443,100.1939,1.19,9460.0,1801.27,2.49,2.68,17.272,1276.9
2015-03,-2.2,100.3,99.5,10338.6,98.6,1964.9,0.15,"362,750,264",112.7,1100.25,9.1821,175.86,2.1,58.539627,100.3324,100.1878,1.42,9278.0,1759.67,2.6975,2.698,16.451,1208.2
2015-04,-2.8,102.0,101.8,10004.2,98.5,2027.0,0.14,"369,902,086",115.28,1102.15,9.1705,177.19,1.85,56.956818,100.312,100.1737,1.32,10546.0,1762.54,2.7485,2.605,17.078,1208.2
2015-05,-3.0,101.7,100.6,11871.8,98.8,2078.3,0.22,"371,505,613",109.25,1081.0,9.0052,174.24,1.8,56.255077,100.2729,100.1316,1.52,10111.0,1845.54,2.9205,2.821,16.441,1186.8
2015-06,-4.4,98.6,101.3,11210.9,99.2,2095.3,0.32,"374,749,258",100.91,1116.0,8.9457,180.05,1.8,55.45924,100.2123,100.0523,1.55,12637.0,1785.16,2.72,2.649,16.701,1188.7
2015-07,-5.6,96.0,100.6,11188.9,99.6,2078.9,0.47,"370,822,336",102.89,1123.3,9.135,181.44,1.65,54.845806,100.1181,99.93539,1.74,11825.0,1690.07,2.6305,2.783,15.577,1169.3
2015-08,-6.3,94.3,103.7,10401.2,100.5,2024.8,0.5,"367,938,017",95.62,1168.25,9.4412,188.58,1.64,57.038982,100.0029,99.80389,1.48,13052.0,1705.79,2.346,2.748,14.535,1089.4
2015-09,-4.7,95.9,104.3,13365.9,101.1,1983.4,0.47,"368,113,633",100.75,1176.5,9.8852,185.41,1.63,51.078331,99.88487,99.68365,1.47,9887.0,1716.38,2.3015,2.702,14.617,1139.8
2015-10,-2.8,96.5,104.1,13721.5,101.1,1970.9,0.38,"369,600,626",109.66,1177.5,9.8279,185.45,1.59,53.120796,99.77948,99.59071,1.41,10531.0,1820.41,2.3045,2.433,14.511,1113.7
2015-11,-2.6,96.5,102.0,14452.6,101.0,1989.0,0.38,"368,463,398",106.13,1136.4,9.4272,179.63,1.57,56.584332,99.68354,99.51743,1.43,9434.0,1795.81,2.319,2.256,15.425,1135.9
2015-12,-3.8,95.6,100.4,10507.4,101.4,1999.6,0.39,"367,961,865",101.4,1159.0,9.4058,180.62,1.67,55.192566,99.59529,99.45564,1.24,8502.0,1761.01,2.0715,2.231,14.073,1063.5
2016-01,-6.8,94.4,96.6,10724.8,102.7,1957.7,0.39,"367,293,330",96.32,1191.75,9.9661,182.14,1.67,54.253548,99.5209,99.40987,1.22,7732.0,1666.85,2.0795,2.334,13.841,1075.2
2016-02,-8.6,93.0,94.0,10837.3,103.5,1922.3,0.27,"365,758,112",94.67,1204.0,9.9416,182.84,1.65,55.842575,99.4656,99.38757,1.16,10163.0,1668.47,2.0555,2.152,14.356,1128.0
2016-03,-8.3,93.1,94.1,12227.0,103.4,1923.9,0.17,"369,839,889",103.73,1227.05,10.7972,187.01,1.63,56.584904,99.43588,99.40054,0.98,13292.0,1733.02,2.181,1.678,15.022,1241.8
2016-04,-6.7,94.2,95.8,12486.4,102.3,1957.8,0.1,"372,481,509",100.8,1154.0,10.2798,177.18,1.61,60.060295,99.42119,99.43541,1.03,11523.0,1682.81,2.163,1.956,15.064,1223.5
2016-05,-3.7,95.1,98.8,11482.0,101.1,1979.8,0.09,"370,896,643",96.88,1139.0,10.6865,175.64,1.61,61.381302,99.41235,99.48157,1.08,9310.0,1688.75,2.2665,2.042,17.682,1295.8
2016-06,-1.5,95.3,100.0,10923.5,100.2,1980.0,0.09,"369,889,849",91.55,1191.75,10.8848,181.35,1.56,60.38895,99.41015,99.53577,0.94,8379.0,1648.82,2.073,2.381,15.952,1214.7
2016-07,0.8,95.0,101.5,11683.1,99.9,1982.1,0.07,"371,383,929",104.94,1150.0,11.2168,172.79,1.37,61.873238,99.42743,99.60195,0.87,7209.0,1619.98,2.217,2.987,19.588,1339.0
2016-08,1.0,95.9,102.1,13228.4,99.9,2005.4,0.06,"375,459,420",98.43,1107.0,10.8252,166.84,1.36,64.040237,99.47621,99.67626,0.84,8387.0,1615.67,2.1995,2.771,20.544,1359.6
2016-09,0.9,96.9,103.2,13729.5,100.3,2027.3,0.05,"377,770,474",90.38,1121.9,10.8295,167.59,1.34,63.324013,99.56513,99.76102,0.79,7275.0,1625.52,2.0755,2.792,18.91,1317.1
2016-10,-0.1,96.9,105.3,14037.5,100.2,2038.4,0.11,"375,166,658",91.4,1108.5,10.8515,167.36,1.34,62.070683,99.68656,99.85561,0.83,8480.0,1681.32,2.167,2.964,17.775,1269.7
2016-11,1.5,96.2,107.3,13077.7,100.5,2020.1,0.27,"371,985,331",91.49,1141.0,11.0014,169.35,1.39,60.858475,99.82744,99.95532,1.0,8085.0,1645.88,2.229,2.902,18.46,1288.0
2016-12,3.7,95.1,111.0,12671.1,100.2,2013.2,0.45,"371,101,605",94.33,1170.7,10.2356,169.57,1.53,55.791924,99.9729,100.0523,1.31,7699.0,1524.56,2.643,3.505,16.477,1169.4
2017-01,7.2,95.0,112.5,11231.9,100.0,2021.7,0.58,"374,036,338",98.53,1207.8,10.244,173.36,1.52,56.3363055,100.0987,100.1416,1.23,5423.0,1597.84,2.4885,3.5645,16.313499999999998,1160.05
2017-02,8.8,95.8,112.7,12914.5,99.6,2055.4,0.62,"373,908,551",98.12,1154.0,10.1869,167.65,1.49,55.80402,100.1968,100.2296,1.26,9853.0,1521.64,2.7115,3.168,17.484,1208.3
2017-03,9.3,97.8,112.2,12018.9,99.7,2093.6,0.63,"375,302,146",100.7,1149.9,10.0583,167.01,1.49,63.581409,100.2698,100.3164,1.17,11992.0,1557.46,2.6905,2.804,17.748,1232.9
2017-04,7.5,99.1,113.1,13494.1,100.3,2126.4,0.65,"376,573,253",114.09,1116.0,10.075,162.23,1.45,63.262379,100.3253,100.4011,1.11,8020.0,1586.85,2.6035,3.128,18.25,1254.0
2017-05,4.3,100.1,115.0,11744.9,100.8,2199.4,0.66,"378,456,235",115.67,1128.0,10.0835,163.75,1.41,61.341858,100.373,100.4845,1.05,8852.0,1562.37,2.6355,3.195,16.831,1257.0
2017-06,2.2,100.0,117.5,12638.2,101.3,2278.1,0.64,"380,568,047",111.37,1120.85,10.077,164.83,1.38,66.48259,100.4191,100.5643,0.93,9638.0,1714.19,2.5875,3.008,17.316,1270.1
2017-07,1.0,99.8,118.0,10821.2,101.9,2362.3,0.67,"383,755,561",111.31,1148.9,10.1458,169.14,1.38,64.09861,100.4674,100.6331,0.94,7894.0,1692.41,2.693,2.951,16.092,1219.2
2017-08,1.5,99.7,117.9,11494.4,102.1,2385.8,0.69,"384,839,045",96.0,1121.7,10.1625,166.94,1.39,62.502884,100.5316,100.6873,0.92,8653.0,1620.95,2.881,2.819,16.813,1279.4
2017-09,1.8,99.4,114.5,11578.2,101.8,2385.6,0.73,"384,673,968",101.27,1120.14,10.1727,171.01,1.38,62.154205,100.6063,100.7206,0.81,10002.0,1558.6,3.118,3.07,17.781,1330.4
2017-10,1.3,100.3,112.2,12298.2,101.2,2409.0,0.84,"384,462,718",109.8,1134.34,10.0956,172.76,1.38,63.548973,100.6821,100.7335,0.85,13697.0,1566.14,3.0605,2.891,17.207,1293.8
2017-11,-0.3,101.0,109.6,11284.3,100.5,2462.7,0.95,"387,251,220",116.95,1109.0,9.7352,168.34,1.4,61.847347,100.7482,100.729,0.76,11662.0,1668.27,3.1425,2.893,17.209,1277.3
2017-12,-5.4,101.9,108.8,11623.9,99.8,2494.7,0.97,"389,266,683",109.22,1082.9,9.6644,163.73,1.66,64.021118,100.8002,100.7063,0.59,9227.0,1679.55,3.0925,3.061,16.354,1282.3
2018-01,-8.5,101.0,111.3,13550.1,98.7,2507.4,0.95,"395,754,579",112.79,1062.0,9.468,163.74,1.66,65.861824,100.8351,100.6693,0.54,10582.0,1612.42,3.278,3.056,17.206,1316.1
2018-02,-10.6,100.7,113.3,14043.9,98.4,2475.9,0.93,"394,798,667",105.06,1070.25,9.7888,170.0,1.65,64.608788,100.8548,100.6206,0.62,15941.0,1669.79,3.209,2.856,17.199,1347.9
2018-03,-10.8,99.4,113.8,13896.7,97.6,2470.5,1.0,"396,753,590",103.38,1078.0,10.2098,170.16,1.65,61.031647,100.8479,100.5603,0.59,18173.0,1536.71,3.1245,2.695,16.466,1323.4
2018-04,-10.5,99.5,112.5,11028.3,96.9,2449.6,1.01,"398,421,500",105.14,1056.0,9.9831,168.32,1.65,61.806976,100.8149,100.4833,0.48,11512.0,1579.37,3.05,2.683,16.716,1346.9
2018-05,-7.7,99.7,113.3,11601.5,95.6,2457.0,1.0,"398,980,563",105.63,1078.5,9.8307,169.72,1.65,55.956745,100.7588,100.3911,0.47,13407.0,1607.69,3.0685,2.754,16.375,1305.6
2018-06,-5.7,100.5,113.0,11065.2,94.8,2438.0,0.98,"400,298,586",101.77,1071.5,9.7849,166.95,1.65,55.557934,100.6776,100.2803,0.42,11956.0,1505.8,3.0985,2.962,16.485,1299.3
2018-07,-4.8,99.1,112.3,11937.4,94.7,2380.0,0.94,"402,447,534",91.39,1119.0,10.0895,167.8,1.65,57.232925,100.5714,100.1534,0.3,7650.0,1396.9,2.944,2.862,15.835,1241.7
2018-08,-5.5,97.4,108.8,10478.7,95.0,2320.9,0.85,"401,131,047",96.4,1118.0,10.02,164.08,1.65,58.93951,100.4421,100.0142,0.33,7838.0,1450.59,2.7475,2.758,15.488,1227.6
2018-09,-5.0,97.0,105.7,10924.9,94.9,2291.8,0.73,"402,999,746",101.08,1110.2,10.0117,163.0,1.65,58.7076055,100.2851,99.87006,0.24,5613.0,1434.34,2.602,2.823,14.18,1199.1
2018-10,-4.1,96.8,103.0,10439.0,94.2,2248.2,0.66,"402,747,935",87.38,1112.0,9.7767,162.14,1.65,59.822525,100.1034,99.72932,0.27,9643.0,1468.27,2.7875,3.094,14.507,1191.7
2018-11,-6.0,96.0,101.4,10941.8,93.9,2181.4,0.59,"402,987,219",93.82,1123.0,9.9756,162.39,1.7,53.944382,99.90954,99.60345,0.3,10111.0,1234.01,2.7215,3.237,14.821,1238.6
2018-12,-6.6,94.4,100.2,11318.6,94.4,2102.3,0.43,"403,694,264",92.51,1109.0,9.7615,161.2,1.9,57.248554,99.71945,99.49475,0.15,8864.0,1284.12,2.8095,4.339,14.453,1239.6
2019-01,-6.7,93.4,98.0,12011.3,94.9,2085.1,0.26,"405,513,163",97.39,1119.0,10.2876,163.24,1.93,53.199135,99.55206,99.40768,0.16,6517.0,1280.97,2.623,2.958,15.649,1284.1
2019-02,-5.7,94.4,95.5,11705.8,94.3,2127.4,0.12,"404,673,960",96.02,1117.0,10.2233,165.96,1.86,58.801144,99.41891,99.3416,0.18,10849.0,1430.63,2.773,2.734,15.979,1322.1
2019-03,-3.4,95.1,94.7,13034.1,92.9,2158.0,0.11,"405,252,892",95.9,1126.75,10.0806,167.94,1.89,59.687,99.3155,99.29038,0.21,10580.0,1407.97,2.909,2.857,15.105,1287.5
2019-04,-3.8,96.9,96.0,12835.8,91.6,2194.7,0.07,"404,029,052",101.71,1134.0,10.1708,168.92,1.9,61.738941,99.22149,99.23828,0.16,6502.0,1400.47,2.9245,2.708,15.148,1294.2
2019-05,-4.9,95.8,96.8,12648.5,90.9,2153.6,0.02,"401,972,476",94.94,1163.0,10.456,173.29,1.84,65.327675,99.12933,99.18263,0.21,8673.0,1515.85,2.7795,2.589,14.617,1272.0
2019-06,-6.6,95.3,97.5,10473.1,91.2,2134.8,-0.08,"403,071,937",95.01,1177.8,10.9068,170.87,1.82,64.299828,99.03516,99.12743,0.25,8601.0,1390.47,2.65,2.403,14.78,1327.9
2019-07,-7.2,93.4,96.2,9414.3,91.4,2090.6,-0.16,"403,112,528",89.57,1159.31,10.7023,169.56,1.78,65.564178,98.95047,99.07714,0.25,6743.0,1430.5,2.688,2.267,15.193,1389.3
2019-08,-5.7,92.4,95.5,9208.9,91.7,2043.0,-0.25,"401,483,478",83.5,1188.06,11.1343,173.42,1.5,65.19458,98.88828,99.03634,0.17,8960.0,1367.28,2.6655,2.202,16.217,1432.4
2019-09,-5.9,92.1,94.9,11060.8,91.4,2023.0,-0.23,"403,320,096",95.32,1212.24,11.4254,169.36,1.49,67.91179650000001,98.86911,99.01386,0.0,5444.0,1362.94,2.528,2.358,19.237,1555.9
2019-10,-5.7,92.6,96.6,13160.9,91.5,2018.4,-0.13,"406,323,989",92.99,1201.59,11.1568,168.34,1.55,65.62458,98.89217,99.01413,0.09,6777.0,1391.58,2.5605,2.283,17.302,1489.0
2019-11,-4.8,93.5,96.7,14406.7,91.0,2079.9,0.08,"407,460,269",104.01,1164.17,10.764,165.51,1.44,61.510605,98.94421,99.03495,0.17,7364.0,1372.41,2.653,2.714,18.109,1511.4
2019-12,-0.2,93.9,100.3,14365.2,90.5,2113.9,0.2,"408,816,146",105.59,1184.28,10.8685,168.45,1.53,62.210327,99.00216,99.06268,0.22,6113.0,1368.08,2.6505,2.329,16.916,1469.2
2020-01,-0.1,95.3,99.3,13396.6,89.9,2159.7,0.24,"409,652,586",102.02,1156.85,10.659,166.27,1.53,62.716709,99.04202,99.08421,0.3,7682.0,1373.93,2.825,2.122,18.046,1528.1
2020-02,-1.1,93.8,99.8,13980.0,90.4,2172.5,0.18,"409,171,436",82.04,1189.29,10.9456,169.59,1.42,69.405159,99.04587,95.34092,0.18,12821.0,1314.02,2.507,1.819,17.712,1582.4
2020-03,-4.4,85.1,97.4,12792.9,92.3,2052.4,0.21,"400,214,398",71.21,1189.11,10.9814,170.91,1.41,67.09877,97.03194,94.27997,0.26,13272.0,1194.36,2.595,1.756,16.739,1594.8
2020-04,-4.6,73.2,99.3,11704.8,95.4,1934.5,0.31,"403,982,333",80.4,1234.8,11.5328,174.18,1.1,60.716789,92.32895,89.73422,0.39,18456.0,932.77,2.1745,1.587,14.008,1591.4
2020-05,-7.3,64.5,99.4,11649.7,96.7,1867.2,0.41,"407,310,604",90.36,1222.45,11.4663,173.34,1.1,64.748131,94.11076,93.4354,0.44,16101.0,1047.71,2.3125,1.993,14.796,1713.3
2020-06,-8.8,64.3,100.4,13481.6,96.2,1983.2,0.53,"410,754,278",98.84,1222.91,11.3654,171.58,0.81,67.776794,96.56766,96.37208,0.52,16218.0,1156.36,2.4705,1.774,18.827,1750.3
2020-07,-8.1,69.4,99.0,15732.7,94.8,2098.6,0.56,"416,525,863",106.02,1201.19,11.1779,169.94,0.79,68.056366,98.00171,98.09544,0.52,16605.0,1118.17,2.734,1.671,18.218,1779.9
2020-08,-5.7,75.9,98.7,15945.3,94.8,2226.9,0.62,"418,950,799",99.47,1192.23,11.254,170.85,0.78,71.776474,98.56413,99.03845,0.45,18767.0,1213.42,2.912,2.101,24.417,1986.3
2020-09,-2.9,78.9,98.0,15129.9,95.8,2305.8,0.64,"420,545,100",99.39,1185.25,11.1867,173.63,0.63,73.201302,98.78983,99.57847,0.55,17057.0,1424.68,3.0285,2.527,28.645,1978.9
2020-10,0.0,82.8,97.4,14970.6,96.4,2359.7,0.66,"426,509,822",104.76,1156.75,10.942,170.37,0.63,73.510658,99.03697,100.0063,0.54,17711.0,1468.87,2.963,2.615,24.56,1920.1
2020-11,4.9,85.6,100.0,15719.0,96.5,2411.2,0.74,"436,377,224",112.67,1132.95,10.8168,169.27,0.63,75.556259,99.31303,100.3166,0.71,10143.0,1418.12,3.077,3.244,24.033,1892.5
2020-12,4.4,88.4,103.6,16123.0,95.9,2539.3,0.77,"443,098,121",113.35,1105.73,10.5964,168.2,0.66,81.305923,99.7131,100.6391,0.75,19173.0,1562.35,3.485,2.88,24.09,1818.9
2021-01,6.0,89.8,104.7,16606.0,94.8,2783.1,0.82,"442,727,709",114.01,1086.48,10.534,168.11,0.66,79.486771,100.0151,100.8595,0.82,33469.0,1731.68,3.5545,2.581,27.364,1946.6
2021-02,7.8,91.4,105.6,16248.1,93.6,2979.2,0.83,"447,557,482",107.14,1116.44,10.6395,172.59,0.7,74.423492,100.4072,101.069,0.98,23659.0,1960.99,3.546,2.85,29.418,1863.9
2021-03,9.7,96.7,104.1,16021.4,92.9,3071.4,0.92,"446,127,385",114.07,1125.0,10.5447,173.81,0.74,71.485222,100.836,101.2896,1.32,28259.0,1883.22,4.222,2.839,26.879,1733.6
2021-04,11.1,100.9,108.3,15774.8,93.6,3096.7,1.01,"452,309,658",119.42,1128.76,10.2027,171.9,0.75,74.45192,101.1812,101.4563,1.52,12446.0,1869.78,3.9905,2.639,24.948,1728.4
2021-05,14.3,104.0,110.7,15611.1,94.2,3122.3,1.11,"456,458,881",115.54,1119.55,10.2699,173.05,0.73,77.273109,101.4114,101.5257,1.47,18563.0,1843.21,4.5285,2.966,26.96,1791.8
2021-06,16.5,106.7,113.7,14995.5,94.2,3197.8,1.15,"454,105,865",118.42,1108.13,10.1228,173.6,0.66,78.617081,101.5584,101.5347,1.46,15223.0,1993.78,4.6225000000000005,3.0895,28.153,1905.0
2021-07,15.2,106.2,112.0,14608.7,93.4,3227.6,1.17,"458,680,900",117.3,1132.93,10.1697,175.32,0.69,77.911736,101.6129,101.45,1.23,13950.0,2022.76,4.236,3.661,26.1,1776.8
2021-08,9.0,106.2,110.1,14918.1,92.9,3232.1,1.15,"463,933,550",109.78,1150.73,10.5203,177.99,0.7,76.223267,101.5991,101.3218,1.03,7923.0,1903.47,4.433,3.935,25.575,1822.2
2021-09,2.4,104.5,107.0,14937.3,92.7,3192.9,1.09,"463,972,259",106.41,1156.03,10.5024,178.83,0.92,75.063713,101.5556,101.1815,1.11,10840.0,1879.97,4.278,4.615,24.221,1816.0
2021-10,-4.0,105.1,103.7,15197.6,91.5,3104.7,1.17,"469,207,742",104.44,1179.47,10.6252,183.05,1.04,72.428391,101.4939,101.045,1.21,10141.0,1722.25,4.1885,5.619,22.536,1758.4
2021-11,-8.8,105.5,102.3,14341.0,90.3,3032.0,1.27,"463,907,617",110.79,1177.21,10.3276,184.03,1.12,73.223587,101.4117,100.8958,1.08,10029.0,1780.74,4.3935,5.186,24.073,1795.8
2021-12,-9.7,105.5,104.6,14391.6,89.6,2980.9,1.25,"463,118,362",111.48,1176.93,10.4338,184.79,1.26,72.683693,101.2929,100.7403,0.87,15188.0,1641.23,4.2475,4.258,22.339,1784.3
2022-01,-8.6,105.5,107.8,15161.4,89.0,2939.5,1.15,"461,526,656",103.28,1197.49,10.3081,187.9,1.3,81.823387,101.1193,100.5678,0.85,5761.0,1740.03,4.475,3.717,23.056,1814.6
2022-02,-8.3,105.3,107.0,15581.5,87.6,2859.4,1.11,"461,766,293",103.65,1199.44,10.4302,188.55,1.5,80.193466,100.8854,100.3766,0.63,9036.0,1601.52,4.471,4.888,22.375,1804.1
2022-03,-8.3,105.0,104.9,16655.4,85.7,2762.8,1.24,"457,810,337",103.64,1203.17,10.4143,190.34,1.5,74.348351,100.5951,100.1699,0.41,9879.0,1537.13,4.6655,4.762,25.19,1922.3
2022-04,-10.0,105.0,102.9,15635.0,85.2,2708.6,1.49,"449,297,713",104.68,1219.73,9.9554,191.67,1.51,74.076935,100.2715,99.95519,-0.05,8824.0,1561.68,4.6885,5.72,24.654,1923.7
2022-05,-10.2,105.4,105.2,16054.0,85.2,2676.7,1.64,"447,711,119",103.2,1266.7,9.7373,191.79,1.72,73.302345,99.92796,99.73103,0.26,6718.0,1609.62,4.268,7.475,22.584,1863.6
2022-06,-13.4,105.1,108.0,16576.9,85.7,2602.2,1.82,"438,278,346",84.61,1240.32,9.5519,186.21,1.96,77.290192,99.59221,99.51463,0.28,8412.0,1619.7,4.5525,8.485,22.275,1871.4
2022-07,-15.1,102.4,109.8,17611.9,85.7,2488.7,1.65,"438,605,367",91.38,1298.66,9.6041,193.74,2.05,79.922768,99.29908,99.32175,0.04,8630.0,1479.7,3.604,5.73,19.667,1801.5
2022-08,-14.9,99.9,112.3,17547.7,85.7,2439.1,1.43,"436,432,145",97.92,1307.07,9.9311,193.1,2.73,79.556778,99.0655,99.16531,-0.3,6406.0,1576.96,3.5425,8.283,20.362,1787.7
2022-09,-10.2,98.4,111.9,17969.6,85.5,2392.1,1.26,"416,766,652",86.14,1355.77,9.6699,196.29,2.92,78.281525,98.88746,99.04377,-0.25,8720.0,1552.16,3.4065,9.262,17.666,1709.3
2022-10,-6.2,97.6,113.0,14955.5,85.2,2347.9,1.26,"414,005,699",80.15,1415.7,9.8219,198.85,3.28,70.472969,98.77079,98.96307,-0.45,8932.0,1433.22,3.49,6.837,21.099,1730.5
2022-11,-7.5,94.9,113.3,13505.5,85.0,2327.3,1.2,"416,104,905",88.53,1416.0,9.5544,194.55,3.97,72.813797,98.71222,98.92802,-0.47,6794.0,1392.69,3.4725,5.714,19.667,1649.7
2022-12,-10.4,92.7,115.4,10568.5,85.2,2336.4,0.84,"423,163,664",83.39,1304.21,9.6374,185.09,4.03,76.77343,98.70276,98.93524,-0.72,8411.0,1435.74,3.8175,6.738,22.841,1815.2
2023-01,-15.4,90.9,111.2,13969.7,85.1,2380.4,0.45,"429,967,671",93.79,1269.02,9.705,183.92,3.98,78.25458900000001,98.72142,98.97138,-0.61,10487.0,1343.91,3.79525,4.2735,24.328,1835.8
2023-02,-16.2,91.1,106.9,14725.6,84.6,2391.3,0.18,"425,286,150",97.48,1221.78,9.478,181.26,3.59,74.513809,98.74073,99.02458,-0.7,9732.0,1439.49,4.111,2.468,23.609,1927.8
2023-03,-16.5,91.1,101.0,14189.9,84.4,2410.1,0.07,"426,069,328",94.17,1310.95,9.5838,189.49,3.61,73.301552,98.74761,99.0812,-0.88,14870.0,1488.62,4.076,2.765,20.766,1840.5
2023-04,-16.9,92.3,101.5,10336.9,84.3,2463.7,-0.05,"426,683,640",95.03,1307.89,9.8813,190.23,3.59,74.881462,98.74418,99.1351,-0.54,9171.0,1487.66,4.0455,2.097,24.021,1983.9
